IDBox;Plant;Zone;Plan;UniqueQuadrat;UniqueGeno;n
1;L1109_Na314_H5 _3_4_A3;3;Intrapop;Z3Q4;Narbonne_H5;5
2;L1105_Na21_H2 _3_4_D2;3;Intrapop;Z3Q4;Narbonne_H2;3
3;L1110b_Na326_H5 _3_4_D3;3;Intrapop;Z3Q4;Narbonne_H5;5
4;L1110b_Na326_H5 _3_4_D3;3;Intrapop;Z3Q4;Narbonne_H5;4
5;L1110b_Na326_H5 _3_4_D3;3;Intrapop;Z3Q4;Narbonne_H5;5
6;L1110b_Na326_H5 _3_4_D3;3;Intrapop;Z3Q4;Narbonne_H5;4
7;L1125_Na657_H8 _3_4_E1;3;Intrapop;Z3Q4;Narbonne_H8;6
8;L1107_Na234_H2 _3_4_E3;3;Intrapop;Z3Q4;Narbonne_H2;5
9;L1107_Na234_H2 _3_4_E3;3;Intrapop;Z3Q4;Narbonne_H2;6
10;L1096b_Na156_H4 _3_4_F6;3;Intrapop;Z3Q4;Narbonne_H4;3
11;269_B_H96 _3_12_A4;3;Intrapop;Z3Q12;Narbonne_H96;6
12;269_B_H96 _3_12_A4;3;Intrapop;Z3Q12;Narbonne_H96;6
13;269_B_H96 _3_12_A4;3;Intrapop;Z3Q12;Narbonne_H96;5
14;L1109_Na314_H5 _3_12_B3;3;Intrapop;Z3Q12;Narbonne_H5;4
15;L1109_Na314_H5 _3_12_B3;3;Intrapop;Z3Q12;Narbonne_H5;5
16;L1096b_Na156_H4 _3_12_C2;3;Intrapop;Z3Q12;Narbonne_H4;7
17;L1096b_Na156_H4 _3_12_C2;3;Intrapop;Z3Q12;Narbonne_H4;7
18;L1096b_Na156_H4 _3_12_C2;3;Intrapop;Z3Q12;Narbonne_H4;7
19;L1096b_Na156_H4 _3_12_C2;3;Intrapop;Z3Q12;Narbonne_H4;7
20;L1096b_Na156_H4 _3_12_C2;3;Intrapop;Z3Q12;Narbonne_H4;6
21;L1096b_Na156_H4 _3_12_C2;3;Intrapop;Z3Q12;Narbonne_H4;5
22;L1096b_Na156_H4 _3_12_C2;3;Intrapop;Z3Q12;Narbonne_H4;4
23;L1096b_Na156_H4 _3_12_C2;3;Intrapop;Z3Q12;Narbonne_H4;4
24;L1096b_Na156_H4 _3_12_C2;3;Intrapop;Z3Q12;Narbonne_H4;5
25;L1096b_Na156_H4 _3_12_C2;3;Intrapop;Z3Q12;Narbonne_H4;3
26;L1105_Na21_H2 _3_12_C3;3;Intrapop;Z3Q12;Narbonne_H2;3
27;L1105_Na21_H2 _3_12_C3;3;Intrapop;Z3Q12;Narbonne_H2;7
28;L1105_Na21_H2 _3_12_C3;3;Intrapop;Z3Q12;Narbonne_H2;7
29;L1105_Na21_H2 _3_12_C3;3;Intrapop;Z3Q12;Narbonne_H2;5
30;L1105_Na21_H2 _3_12_C3;3;Intrapop;Z3Q12;Narbonne_H2;6
31;L1105_Na21_H2 _3_12_C3;3;Intrapop;Z3Q12;Narbonne_H2;6
32;L1105_Na21_H2 _3_12_C3;3;Intrapop;Z3Q12;Narbonne_H2;6
33;L1105_Na21_H2 _3_12_C3;3;Intrapop;Z3Q12;Narbonne_H2;6
34;L1105_Na21_H2 _3_12_C3;3;Intrapop;Z3Q12;Narbonne_H2;5
35;426_A_H11.5 _3_12_C5;3;Intrapop;Z3Q12;Narbonne_H11.5;6
36;426_A_H11.5 _3_12_C5;3;Intrapop;Z3Q12;Narbonne_H11.5;3
37;426_A_H11.5 _3_12_C5;3;Intrapop;Z3Q12;Narbonne_H11.5;7
38;426_A_H11.5 _3_12_C5;3;Intrapop;Z3Q12;Narbonne_H11.5;7
39;426_A_H11.5 _3_12_C5;3;Intrapop;Z3Q12;Narbonne_H11.5;6
40;426_A_H11.5 _3_12_C5;3;Intrapop;Z3Q12;Narbonne_H11.5;5
41;426_A_H11.5 _3_12_C5;3;Intrapop;Z3Q12;Narbonne_H11.5;5
42;426_A_H11.5 _3_12_C5;3;Intrapop;Z3Q12;Narbonne_H11.5;5
43;426_A_H11.5 _3_12_C5;3;Intrapop;Z3Q12;Narbonne_H11.5;4
44;426_A_H11.5 _3_12_C5;3;Intrapop;Z3Q12;Narbonne_H11.5;6
45;426_A_H11.5 _3_12_C5;3;Intrapop;Z3Q12;Narbonne_H11.5;7
46;426_A_H11.5 _3_12_C5;3;Intrapop;Z3Q12;Narbonne_H11.5;7
47;426_A_H11.5 _3_12_C5;3;Intrapop;Z3Q12;Narbonne_H11.5;3
48;426_A_H11.5 _3_12_C5;3;Intrapop;Z3Q12;Narbonne_H11.5;6
49;426_A_H11.5 _3_12_C5;3;Intrapop;Z3Q12;Narbonne_H11.5;6
50;L1110b_Na326_H5 _3_12_E6;3;Intrapop;Z3Q12;Narbonne_H5;3
51;L1096b_Na156_H4 _3_12_F2;3;Intrapop;Z3Q12;Narbonne_H4;5
52;L1096b_Na156_H4 _3_12_F2;3;Intrapop;Z3Q12;Narbonne_H4;5
53;L1096b_Na156_H4 _3_12_F2;3;Intrapop;Z3Q12;Narbonne_H4;2
54;L1096b_Na156_H4 _3_12_F2;3;Intrapop;Z3Q12;Narbonne_H4;5
55;L1096b_Na156_H4 _3_12_F2;3;Intrapop;Z3Q12;Narbonne_H4;4
56;L1096b_Na156_H4 _3_12_F2;3;Intrapop;Z3Q12;Narbonne_H4;2
57;L1125_Na657_H8 _3_12_F3;3;Intrapop;Z3Q12;Narbonne_H8;7
58;L1125_Na657_H8 _3_12_F3;3;Intrapop;Z3Q12;Narbonne_H8;7
59;L1125_Na657_H8 _3_12_F3;3;Intrapop;Z3Q12;Narbonne_H8;6
60;L1125_Na657_H8 _3_12_F3;3;Intrapop;Z3Q12;Narbonne_H8;7
61;L1125_Na657_H8 _3_12_F3;3;Intrapop;Z3Q12;Narbonne_H8;7
62;L1125_Na657_H8 _3_12_F3;3;Intrapop;Z3Q12;Narbonne_H8;8
63;L1125_Na657_H8 _3_12_F3;3;Intrapop;Z3Q12;Narbonne_H8;8
64;L1125_Na657_H8 _3_12_F3;3;Intrapop;Z3Q12;Narbonne_H8;5
65;L1125_Na657_H8 _3_12_F3;3;Intrapop;Z3Q12;Narbonne_H8;7
66;L1125_Na657_H8 _3_12_F3;3;Intrapop;Z3Q12;Narbonne_H8;7
67;L1125_Na657_H8 _3_12_F3;3;Intrapop;Z3Q12;Narbonne_H8;4
68;L1125_Na657_H8 _3_12_F3;3;Intrapop;Z3Q12;Narbonne_H8;3
69;L1125_Na657_H8 _3_12_F3;3;Intrapop;Z3Q12;Narbonne_H8;2
70;L1123_Na632_H8 _8_4_A5;8;Intrapop;Z8Q4;Narbonne_H8;6
71;L1090_Na136_H1 _8_4_B1;8;Intrapop;Z8Q4;Narbonne_H1;5
72;L1090_Na136_H1 _8_4_B1;8;Intrapop;Z8Q4;Narbonne_H1;5
73;L1109_Na314_H5 _8_4_B2;8;Intrapop;Z8Q4;Narbonne_H5;7
74;L1109_Na314_H5 _8_4_B2;8;Intrapop;Z8Q4;Narbonne_H5;7
75;L1109_Na314_H5 _8_4_B2;8;Intrapop;Z8Q4;Narbonne_H5;6
76;L1109_Na314_H5 _8_4_B5;8;Intrapop;Z8Q4;Narbonne_H5;4
77;L1109_Na314_H5 _8_4_B5;8;Intrapop;Z8Q4;Narbonne_H5;5
78;L1109_Na314_H5 _8_4_B5;8;Intrapop;Z8Q4;Narbonne_H5;6
79;L1109_Na314_H5 _8_4_B5;8;Intrapop;Z8Q4;Narbonne_H5;4
80;L1110b_Na326_H5 _8_4_C3;8;Intrapop;Z8Q4;Narbonne_H5;5
81;L1110b_Na326_H5 _8_4_C3;8;Intrapop;Z8Q4;Narbonne_H5;3
82;L1107_Na234_H2 _8_4_C4;8;Intrapop;Z8Q4;Narbonne_H2;5
83;L1107_Na234_H2 _8_4_C4;8;Intrapop;Z8Q4;Narbonne_H2;5
84;L1110b_Na326_H5 _8_4_D5;8;Intrapop;Z8Q4;Narbonne_H5;7
85;L1110b_Na326_H5 _8_4_D5;8;Intrapop;Z8Q4;Narbonne_H5;7
86;L1110b_Na326_H5 _8_4_D5;8;Intrapop;Z8Q4;Narbonne_H5;5
87;L1125_Na657_H8 _8_4_E1;8;Intrapop;Z8Q4;Narbonne_H8;4
88;L1113_Na424 _8_4_E4;8;Intrapop;Z8Q4;Narbonne_H6;4
89;L1113_Na424 _8_4_E4;8;Intrapop;Z8Q4;Narbonne_H6;6
90;L1109_Na314_H5 _8_7_A3;8;Intrapop;Z8Q7;Narbonne_H5;3
91;L1086_Na121_H4 _8_7_B3;8;Intrapop;Z8Q7;Narbonne_H4;3
92;426_A_H11.5 _8_7_B4;8;Intrapop;Z8Q7;Narbonne_H11.5;5
93;L1113_Na424 _8_7_C1;8;Intrapop;Z8Q7;Narbonne_H6;1
94;L1107_Na234_H2 _8_7_C6;8;Intrapop;Z8Q7;Narbonne_H2;5
95;L1107_Na234_H2 _8_7_C6;8;Intrapop;Z8Q7;Narbonne_H2;2
96;L1123_Na632_H8 _8_7_D2;8;Intrapop;Z8Q7;Narbonne_H8;3
97;269_B_H96 _8_7_D3;8;Intrapop;Z8Q7;Narbonne_H96;2
98;L1105_Na21_H2 _8_7_E1;8;Intrapop;Z8Q7;Narbonne_H2;6
99;L1130_Na1028_H1 _8_7_E4;8;Intrapop;Z8Q7;Narbonne_H1;3
100;L1119_Na545_H50 _8_7_F3;8;Intrapop;Z8Q7;Narbonne_H50;5
101;L1090_Na136_H1 _8_7_F6;8;Intrapop;Z8Q7;Narbonne_H1;6
102;L1119_Na545_H50 _12_7_A2;12;Intrapop;Z12Q7;Narbonne_H50;3
103;L1105_Na21_H2 _12_7_C3;12;Intrapop;Z12Q7;Narbonne_H2;3
104;L1105_Na21_H2 _12_7_D2;12;Intrapop;Z12Q7;Narbonne_H2;7
105;L1105_Na21_H2 _12_7_D2;12;Intrapop;Z12Q7;Narbonne_H2;7
106;L1110b_Na326_H5 _12_7_D6;12;Intrapop;Z12Q7;Narbonne_H5;1
107;L1130_Na1028_H1 _12_7_E2;12;Intrapop;Z12Q7;Narbonne_H1;2
108;L1130_Na1028_H1 _12_7_E2;12;Intrapop;Z12Q7;Narbonne_H1;2
109;426_A_H11.5 _12_7_F2;12;Intrapop;Z12Q7;Narbonne_H11.5;1
110;L1107_Na234_H2 _12_7_F4;12;Intrapop;Z12Q7;Narbonne_H2;5
111;L1090_Na136_H1 _12_10_A1;12;Intrapop;Z12Q10;Narbonne_H1;7
112;L1090_Na136_H1 _12_10_A1;12;Intrapop;Z12Q10;Narbonne_H1;7
113;L1090_Na136_H1 _12_10_A1;12;Intrapop;Z12Q10;Narbonne_H1;3
114;L1110b_Na326_H5 _12_10_A3;12;Intrapop;Z12Q10;Narbonne_H5;3
115;L1109_Na314_H5 _12_10_B2;12;Intrapop;Z12Q10;Narbonne_H5;2
116;L1109_Na314_H5 _12_10_B3;12;Intrapop;Z12Q10;Narbonne_H5;4
117;L1130_Na1028_H1 _12_10_C1;12;Intrapop;Z12Q10;Narbonne_H1;4
118;L1130_Na1028_H1 _12_10_C1;12;Intrapop;Z12Q10;Narbonne_H1;4
119;426_A_H11.5 _12_10_C2;12;Intrapop;Z12Q10;Narbonne_H11.5;6
120;L1130_Na1028_H1 _12_10_C5;12;Intrapop;Z12Q10;Narbonne_H1;5
121;L1125_Na657_H8 _12_10_D2;12;Intrapop;Z12Q10;Narbonne_H8;4
122;L1105_Na21_H2 _12_10_D5;12;Intrapop;Z12Q10;Narbonne_H2;5
123;L1110b_Na326_H5 _12_10_E4;12;Intrapop;Z12Q10;Narbonne_H5;3
124;L1123_Na632_H8 _12_10_E5;12;Intrapop;Z12Q10;Narbonne_H8;2
125;L1123_Na632_H8 _12_10_E5;12;Intrapop;Z12Q10;Narbonne_H8;2
126;L1107_Na234_H2 _12_10_F6;12;Intrapop;Z12Q10;Narbonne_H2;3
127;F89-13-42-b2_H4_2013_B_A5;NA;interpop;B;Corse_H4;7
128;F89-13-42-b2_H4_2013_B_A5;NA;interpop;B;Corse_H4;7
129;F89-13-42-b2_H4_2013_B_A5;NA;interpop;B;Corse_H4;4
130;F89-13-42-b2_H4_2013_B_A5;NA;interpop;B;Corse_H4;7
131;F89-13-42-b2_H4_2013_B_A5;NA;interpop;B;Corse_H4;7
132;F89-13-42-b2_H4_2013_B_A5;NA;interpop;B;Corse_H4;7
133;F89-13-42-b2_H4_2013_B_A5;NA;interpop;B;Corse_H4;7
134;F89-13-42-b2_H4_2013_B_A5;NA;interpop;B;Corse_H4;6
135;F89-13-42-b2_H4_2013_B_A5;NA;interpop;B;Corse_H4;6
136;F89-13-42-b2_H4_2013_B_A5;NA;interpop;B;Corse_H4;6
137;F89-13-42-b2_H4_2013_B_A5;NA;interpop;B;Corse_H4;7
138;F89-13-42-b2_H4_2013_B_A5;NA;interpop;B;Corse_H4;7
139;F89-13-156-p2_H5_B_AA1;NA;interpop;B;Corse_H5;5
140;F89-13-156-p2_H5_B_AA1;NA;interpop;B;Corse_H5;5
141;L1110b_Na326_H5_B_B2;NA;interpop;B;Narbonne_H5;7
142;L1110b_Na326_H5_B_B2;NA;interpop;B;Narbonne_H5;7
143;L1110b_Na326_H5_B_B2;NA;interpop;B;Narbonne_H5;6
144;L1110b_Na326_H5_B_B2;NA;interpop;B;Narbonne_H5;6
145;L1110b_Na326_H5_B_B2;NA;interpop;B;Narbonne_H5;5
146;L1110b_Na326_H5_B_B2;NA;interpop;B;Narbonne_H5;6
147;L1110b_Na326_H5_B_B2;NA;interpop;B;Narbonne_H5;6
148;L1110b_Na326_H5_B_B2;NA;interpop;B;Narbonne_H5;6
149;L1110b_Na326_H5_B_B2;NA;interpop;B;Narbonne_H5;4
150;L1110b_Na326_H5_B_B2;NA;interpop;B;Narbonne_H5;5
151;L1110b_Na326_H5_B_B2;NA;interpop;B;Narbonne_H5;3
152;F89-13-156-p2_H5_B_B5;NA;interpop;B;Corse_H5;1
153;F89-13-156-p2_H5_B_B5;NA;interpop;B;Corse_H5;6
154;F89-13-156-p2_H5_B_B5;NA;interpop;B;Corse_H5;3
155;L1125_Na657_H8_B_C1;NA;interpop;B;Narbonne_H8;5
156;L1125_Na657_H8_B_C1;NA;interpop;B;Narbonne_H8;6
157;L1125_Na657_H8_B_C1;NA;interpop;B;Narbonne_H8;3
158;L1130_Na1028_H1_B_C2;NA;interpop;B;Narbonne_H1;7
159;L1130_Na1028_H1_B_C2;NA;interpop;B;Narbonne_H1;7
160;L1130_Na1028_H1_B_C2;NA;interpop;B;Narbonne_H1;7
161;L1130_Na1028_H1_B_C2;NA;interpop;B;Narbonne_H1;7
162;L1130_Na1028_H1_B_C2;NA;interpop;B;Narbonne_H1;8
163;L1130_Na1028_H1_B_C2;NA;interpop;B;Narbonne_H1;8
164;L1130_Na1028_H1_B_C2;NA;interpop;B;Narbonne_H1;8
165;L1130_Na1028_H1_B_C2;NA;interpop;B;Narbonne_H1;8
166;L1130_Na1028_H1_B_C2;NA;interpop;B;Narbonne_H1;7
167;L1130_Na1028_H1_B_C2;NA;interpop;B;Narbonne_H1;7
168;L1130_Na1028_H1_B_C2;NA;interpop;B;Narbonne_H1;2
169;F89-13-42-b2_H4_2013_B_C3;NA;interpop;B;Corse_H4;8
170;F89-13-42-b2_H4_2013_B_C3;NA;interpop;B;Corse_H4;8
171;F89-13-42-b2_H4_2013_B_C3;NA;interpop;B;Corse_H4;8
172;F89-13-42-b2_H4_2013_B_C3;NA;interpop;B;Corse_H4;8
173;F89-13-42-b2_H4_2013_B_C3;NA;interpop;B;Corse_H4;6
174;F89-13-42-b2_H4_2013_B_C3;NA;interpop;B;Corse_H4;6
175;L1109_Na314_H5_B_C4;NA;interpop;B;Narbonne_H5;7
176;L1109_Na314_H5_B_C4;NA;interpop;B;Narbonne_H5;7
177;L1109_Na314_H5_B_C4;NA;interpop;B;Narbonne_H5;7
178;L1109_Na314_H5_B_C4;NA;interpop;B;Narbonne_H5;7
179;L1109_Na314_H5_B_C4;NA;interpop;B;Narbonne_H5;7
180;L1109_Na314_H5_B_C4;NA;interpop;B;Narbonne_H5;7
181;L1109_Na314_H5_B_C4;NA;interpop;B;Narbonne_H5;4
182;L1109_Na314_H5_B_C4;NA;interpop;B;Narbonne_H5;5
183;L1130_Na1028_H1_B_C5;NA;interpop;B;Narbonne_H1;7
184;L1130_Na1028_H1_B_C5;NA;interpop;B;Narbonne_H1;7
185;L1130_Na1028_H1_B_C5;NA;interpop;B;Narbonne_H1;6
186;L1130_Na1028_H1_B_C5;NA;interpop;B;Narbonne_H1;7
187;L1130_Na1028_H1_B_C5;NA;interpop;B;Narbonne_H1;7
188;L1130_Na1028_H1_B_C5;NA;interpop;B;Narbonne_H1;6
189;L1130_Na1028_H1_B_C5;NA;interpop;B;Narbonne_H1;8
190;L1130_Na1028_H1_B_C5;NA;interpop;B;Narbonne_H1;8
191;L1130_Na1028_H1_B_C5;NA;interpop;B;Narbonne_H1;8
192;L1130_Na1028_H1_B_C5;NA;interpop;B;Narbonne_H1;8
193;L1130_Na1028_H1_B_C5;NA;interpop;B;Narbonne_H1;6
194;L1130_Na1028_H1_B_C5;NA;interpop;B;Narbonne_H1;8
195;L1130_Na1028_H1_B_C5;NA;interpop;B;Narbonne_H1;8
196;L1130_Na1028_H1_B_C5;NA;interpop;B;Narbonne_H1;8
197;L1130_Na1028_H1_B_C5;NA;interpop;B;Narbonne_H1;8
198;L1130_Na1028_H1_B_C5;NA;interpop;B;Narbonne_H1;6
199;L1130_Na1028_H1_B_C5;NA;interpop;B;Narbonne_H1;7
200;L1130_Na1028_H1_B_C5;NA;interpop;B;Narbonne_H1;7
201;L1130_Na1028_H1_B_C5;NA;interpop;B;Narbonne_H1;8
202;L1130_Na1028_H1_B_C5;NA;interpop;B;Narbonne_H1;8
203;L1130_Na1028_H1_B_C5;NA;interpop;B;Narbonne_H1;7
204;L1130_Na1028_H1_B_C5;NA;interpop;B;Narbonne_H1;7
205;L1130_Na1028_H1_B_C5;NA;interpop;B;Narbonne_H1;8
206;L1130_Na1028_H1_B_C5;NA;interpop;B;Narbonne_H1;8
207;L1130_Na1028_H1_B_C5;NA;interpop;B;Narbonne_H1;6
208;L1130_Na1028_H1_B_C5;NA;interpop;B;Narbonne_H1;7
209;L1130_Na1028_H1_B_C5;NA;interpop;B;Narbonne_H1;7
210;L1130_Na1028_H1_B_C5;NA;interpop;B;Narbonne_H1;7
211;L1130_Na1028_H1_B_C5;NA;interpop;B;Narbonne_H1;7
212;L1130_Na1028_H1_B_C5;NA;interpop;B;Narbonne_H1;8
213;L1130_Na1028_H1_B_C5;NA;interpop;B;Narbonne_H1;8
214;L1130_Na1028_H1_B_C5;NA;interpop;B;Narbonne_H1;5
215;L1130_Na1028_H1_B_C5;NA;interpop;B;Narbonne_H1;7
216;L1130_Na1028_H1_B_C5;NA;interpop;B;Narbonne_H1;7
217;L1130_Na1028_H1_B_C5;NA;interpop;B;Narbonne_H1;8
218;L1130_Na1028_H1_B_C5;NA;interpop;B;Narbonne_H1;8
219;L1130_Na1028_H1_B_C5;NA;interpop;B;Narbonne_H1;7
220;L1130_Na1028_H1_B_C5;NA;interpop;B;Narbonne_H1;7
221;L1130_Na1028_H1_B_C5;NA;interpop;B;Narbonne_H1;6
222;L1130_Na1028_H1_B_C5;NA;interpop;B;Narbonne_H1;8
223;L1130_Na1028_H1_B_C5;NA;interpop;B;Narbonne_H1;8
224;L1130_Na1028_H1_B_C5;NA;interpop;B;Narbonne_H1;6
225;L1130_Na1028_H1_B_C5;NA;interpop;B;Narbonne_H1;5
226;L1130_Na1028_H1_B_C5;NA;interpop;B;Narbonne_H1;8
227;L1130_Na1028_H1_B_C5;NA;interpop;B;Narbonne_H1;8
228;L1130_Na1028_H1_B_C5;NA;interpop;B;Narbonne_H1;7
229;L1130_Na1028_H1_B_C5;NA;interpop;B;Narbonne_H1;7
230;L1130_Na1028_H1_B_C5;NA;interpop;B;Narbonne_H1;1
231;L1130_Na1028_H1_B_C5;NA;interpop;B;Narbonne_H1;7
232;L1130_Na1028_H1_B_C5;NA;interpop;B;Narbonne_H1;7
233;L1130_Na1028_H1_B_C5;NA;interpop;B;Narbonne_H1;5
234;L1130_Na1028_H1_B_C5;NA;interpop;B;Narbonne_H1;5
235;L1130_Na1028_H1_B_C5;NA;interpop;B;Narbonne_H1;5
236;F89-13-155-p2_H1_B_CC1;NA;interpop;B;Corse_H1;8
237;F89-13-155-p2_H1_B_CC1;NA;interpop;B;Corse_H1;8
238;F89-13-155-p2_H1_B_CC1;NA;interpop;B;Corse_H1;3
239;L1107_Na234_H2_B_CC3;NA;interpop;B;Narbonne_H2;7
240;L1107_Na234_H2_B_CC3;NA;interpop;B;Narbonne_H2;7
241;L1107_Na234_H2_B_CC3;NA;interpop;B;Narbonne_H2;7
242;L1107_Na234_H2_B_CC3;NA;interpop;B;Narbonne_H2;7
243;L1107_Na234_H2_B_CC3;NA;interpop;B;Narbonne_H2;7
244;L1107_Na234_H2_B_CC3;NA;interpop;B;Narbonne_H2;7
245;L1107_Na234_H2_B_CC3;NA;interpop;B;Narbonne_H2;6
246;L1107_Na234_H2_B_CC3;NA;interpop;B;Narbonne_H2;5
247;L1107_Na234_H2_B_CC3;NA;interpop;B;Narbonne_H2;4
248;L1107_Na234_H2_B_CC3;NA;interpop;B;Narbonne_H2;5
249;F89-13-101-r2_H1_B_D2;NA;interpop;B;Corse_H1;5
250;F89-13-101-r2_H1_B_D2;NA;interpop;B;Corse_H1;6
251;F89-13-101-r2_H1_B_D2;NA;interpop;B;Corse_H1;7
252;F89-13-101-r2_H1_B_D2;NA;interpop;B;Corse_H1;7
253;F89-13-101-r2_H1_B_D2;NA;interpop;B;Corse_H1;7
254;F89-13-101-r2_H1_B_D2;NA;interpop;B;Corse_H1;7
255;F89-13-101-r2_H1_B_D2;NA;interpop;B;Corse_H1;7
256;F89-13-101-r2_H1_B_D2;NA;interpop;B;Corse_H1;7
257;F89-13-101-r2_H1_B_D2;NA;interpop;B;Corse_H1;5
258;F89-13-101-r2_H1_B_D2;NA;interpop;B;Corse_H1;4
259;F89-13-101-r2_H1_B_D2;NA;interpop;B;Corse_H1;7
260;F89-13-101-r2_H1_B_D2;NA;interpop;B;Corse_H1;7
261;F89-13-101-r2_H1_B_D2;NA;interpop;B;Corse_H1;7
262;F89-13-101-r2_H1_B_D2;NA;interpop;B;Corse_H1;7
263;F89-13-101-r2_H1_B_D2;NA;interpop;B;Corse_H1;7
264;F89-13-101-r2_H1_B_D2;NA;interpop;B;Corse_H1;7
265;F89-13-101-r2_H1_B_D2;NA;interpop;B;Corse_H1;5
266;F89-13-101-r2_H1_B_D2;NA;interpop;B;Corse_H1;3
267;F89-13-101-r2_H1_B_D2;NA;interpop;B;Corse_H1;7
268;F89-13-101-r2_H1_B_D2;NA;interpop;B;Corse_H1;7
269;F89-13-101-r2_H1_B_D2;NA;interpop;B;Corse_H1;8
270;F89-13-101-r2_H1_B_D2;NA;interpop;B;Corse_H1;8
271;F89-13-101-r2_H1_B_D2;NA;interpop;B;Corse_H1;8
272;F89-13-101-r2_H1_B_D2;NA;interpop;B;Corse_H1;8
273;F89-13-101-r2_H1_B_D2;NA;interpop;B;Corse_H1;6
274;F89-13-101-r2_H1_B_D2;NA;interpop;B;Corse_H1;9
275;F89-13-101-r2_H1_B_D2;NA;interpop;B;Corse_H1;9
276;F89-13-101-r2_H1_B_D2;NA;interpop;B;Corse_H1;5
277;F89-13-101-r2_H1_B_D2;NA;interpop;B;Corse_H1;6
278;F89-13-101-r2_H1_B_D2;NA;interpop;B;Corse_H1;4
279;F89-13-101-r2_H1_B_D2;NA;interpop;B;Corse_H1;4
280;F89-13-101-r2_H1_B_D2;NA;interpop;B;Corse_H1;1
281;F89-13-101-r2_H1_B_D2;NA;interpop;B;Corse_H1;6
282;F89-13-101-r2_H1_B_D2;NA;interpop;B;Corse_H1;4
283;F89-13-101-r2_H1_B_D2;NA;interpop;B;Corse_H1;2
284;F89-13-101-r2_H1_B_D2;NA;interpop;B;Corse_H1;7
285;F89-13-101-r2_H1_B_D2;NA;interpop;B;Corse_H1;7
286;F89-13-101-r2_H1_B_D2;NA;interpop;B;Corse_H1;5
287;F89-13-101-r2_H1_B_D2;NA;interpop;B;Corse_H1;4
288;F89-13-101-r2_H1_B_D2;NA;interpop;B;Corse_H1;4
289;F89-13-101-r2_H1_B_D2;NA;interpop;B;Corse_H1;6
290;F89-13-101-r2_H1_B_D2;NA;interpop;B;Corse_H1;7
291;F89-13-101-r2_H1_B_D2;NA;interpop;B;Corse_H1;7
292;F89-13-101-r2_H1_B_D2;NA;interpop;B;Corse_H1;8
293;F89-13-101-r2_H1_B_D2;NA;interpop;B;Corse_H1;8
294;F89-13-101-r2_H1_B_D2;NA;interpop;B;Corse_H1;5
295;F89-13-101-r2_H1_B_D2;NA;interpop;B;Corse_H1;7
296;F89-13-101-r2_H1_B_D2;NA;interpop;B;Corse_H1;7
297;F89-13-101-r2_H1_B_D2;NA;interpop;B;Corse_H1;4
298;F89-13-101-r2_H1_B_D2;NA;interpop;B;Corse_H1;6
299;F89-13-101-r2_H1_B_D2;NA;interpop;B;Corse_H1;4
300;F89-13-101-r2_H1_B_D2;NA;interpop;B;Corse_H1;2
301;F89-13-101-r2_H1_B_D2;NA;interpop;B;Corse_H1;8
302;F89-13-101-r2_H1_B_D2;NA;interpop;B;Corse_H1;8
303;F89-13-101-r2_H1_B_D2;NA;interpop;B;Corse_H1;6
304;F89-13-101-r2_H1_B_D2;NA;interpop;B;Corse_H1;3
305;F89-13-101-r2_H1_B_D2;NA;interpop;B;Corse_H1;4
306;F89-13-101-r2_H1_B_D2;NA;interpop;B;Corse_H1;2
307;F89-13-101-r2_H1_B_D2;NA;interpop;B;Corse_H1;5
308;F89-13-101-r2_H1_B_D2;NA;interpop;B;Corse_H1;1
309;F89-13-101-r2_H1_B_D2;NA;interpop;B;Corse_H1;5
310;F89-13-101-r2_H1_B_D2;NA;interpop;B;Corse_H1;6
311;F89-13-101-r2_H1_B_D2;NA;interpop;B;Corse_H1;4
312;F89-13-101-r2_H1_B_D2;NA;interpop;B;Corse_H1;7
313;F89-13-101-r2_H1_B_D2;NA;interpop;B;Corse_H1;7
314;F89-13-101-r2_H1_B_D2;NA;interpop;B;Corse_H1;6
315;F89-13-101-r2_H1_B_D2;NA;interpop;B;Corse_H1;6
316;F89-13-101-r2_H1_B_D2;NA;interpop;B;Corse_H1;8
317;F89-13-101-r2_H1_B_D2;NA;interpop;B;Corse_H1;8
318;F89-13-101-r2_H1_B_D2;NA;interpop;B;Corse_H1;3
319;F89-13-101-r2_H1_B_D2;NA;interpop;B;Corse_H1;7
320;F89-13-101-r2_H1_B_D2;NA;interpop;B;Corse_H1;7
321;F89-13-101-r2_H1_B_D2;NA;interpop;B;Corse_H1;3
322;F89-13-46-b2_H4_2013_B_D3;NA;interpop;B;Corse_H4;8
323;F89-13-46-b2_H4_2013_B_D3;NA;interpop;B;Corse_H4;8
324;F89-13-46-b2_H4_2013_B_D3;NA;interpop;B;Corse_H4;8
325;F89-13-46-b2_H4_2013_B_D3;NA;interpop;B;Corse_H4;8
326;L1119_Na545_H50_B_D5;NA;interpop;B;Narbonne_H50;7
327;L1119_Na545_H50_B_D5;NA;interpop;B;Narbonne_H50;7
328;L1119_Na545_H50_B_D5;NA;interpop;B;Narbonne_H50;7
329;L1119_Na545_H50_B_D5;NA;interpop;B;Narbonne_H50;7
330;L1119_Na545_H50_B_D5;NA;interpop;B;Narbonne_H50;7
331;L1119_Na545_H50_B_D5;NA;interpop;B;Narbonne_H50;7
332;L1119_Na545_H50_B_D5;NA;interpop;B;Narbonne_H50;7
333;L1119_Na545_H50_B_D5;NA;interpop;B;Narbonne_H50;7
334;L1119_Na545_H50_B_D5;NA;interpop;B;Narbonne_H50;6
335;L1119_Na545_H50_B_D5;NA;interpop;B;Narbonne_H50;5
336;L1119_Na545_H50_B_D5;NA;interpop;B;Narbonne_H50;6
337;L1119_Na545_H50_B_D5;NA;interpop;B;Narbonne_H50;7
338;L1119_Na545_H50_B_D5;NA;interpop;B;Narbonne_H50;7
339;L1119_Na545_H50_B_D5;NA;interpop;B;Narbonne_H50;6
340;L1119_Na545_H50_B_D5;NA;interpop;B;Narbonne_H50;5
341;L1119_Na545_H50_B_D5;NA;interpop;B;Narbonne_H50;6
342;L1119_Na545_H50_B_D5;NA;interpop;B;Narbonne_H50;7
343;L1119_Na545_H50_B_D5;NA;interpop;B;Narbonne_H50;7
344;L1119_Na545_H50_B_D5;NA;interpop;B;Narbonne_H50;6
345;L1119_Na545_H50_B_D5;NA;interpop;B;Narbonne_H50;6
346;L1119_Na545_H50_B_D5;NA;interpop;B;Narbonne_H50;6
347;L1119_Na545_H50_B_D5;NA;interpop;B;Narbonne_H50;8
348;L1119_Na545_H50_B_D5;NA;interpop;B;Narbonne_H50;8
349;L1119_Na545_H50_B_D5;NA;interpop;B;Narbonne_H50;5
350;L1119_Na545_H50_B_D5;NA;interpop;B;Narbonne_H50;8
351;L1119_Na545_H50_B_D5;NA;interpop;B;Narbonne_H50;8
352;L1119_Na545_H50_B_D5;NA;interpop;B;Narbonne_H50;5
353;L1119_Na545_H50_B_D5;NA;interpop;B;Narbonne_H50;6
354;L1119_Na545_H50_B_D5;NA;interpop;B;Narbonne_H50;6
355;L1119_Na545_H50_B_D5;NA;interpop;B;Narbonne_H50;4
356;L1119_Na545_H50_B_D5;NA;interpop;B;Narbonne_H50;6
357;L1119_Na545_H50_B_D5;NA;interpop;B;Narbonne_H50;5
358;L1119_Na545_H50_B_D5;NA;interpop;B;Narbonne_H50;5
359;L1119_Na545_H50_B_D5;NA;interpop;B;Narbonne_H50;6
360;L1119_Na545_H50_B_D5;NA;interpop;B;Narbonne_H50;7
361;L1119_Na545_H50_B_D5;NA;interpop;B;Narbonne_H50;7
362;L1119_Na545_H50_B_D5;NA;interpop;B;Narbonne_H50;4
363;L1119_Na545_H50_B_D5;NA;interpop;B;Narbonne_H50;3
364;L1119_Na545_H50_B_D5;NA;interpop;B;Narbonne_H50;1
365;L1119_Na545_H50_B_D5;NA;interpop;B;Narbonne_H50;6
366;L1105_Na21_H2_B_D6;NA;interpop;B;Narbonne_H2;7
367;L1105_Na21_H2_B_D6;NA;interpop;B;Narbonne_H2;7
368;L1105_Na21_H2_B_D6;NA;interpop;B;Narbonne_H2;5
369;L1105_Na21_H2_B_D6;NA;interpop;B;Narbonne_H2;7
370;L1105_Na21_H2_B_D6;NA;interpop;B;Narbonne_H2;7
371;L1105_Na21_H2_B_D6;NA;interpop;B;Narbonne_H2;7
372;L1105_Na21_H2_B_D6;NA;interpop;B;Narbonne_H2;7
373;L1105_Na21_H2_B_D6;NA;interpop;B;Narbonne_H2;8
374;L1105_Na21_H2_B_D6;NA;interpop;B;Narbonne_H2;8
375;L1105_Na21_H2_B_D6;NA;interpop;B;Narbonne_H2;6
376;L1105_Na21_H2_B_D6;NA;interpop;B;Narbonne_H2;7
377;L1105_Na21_H2_B_D6;NA;interpop;B;Narbonne_H2;7
378;L1105_Na21_H2_B_D6;NA;interpop;B;Narbonne_H2;3
379;L1105_Na21_H2_B_D6;NA;interpop;B;Narbonne_H2;3
380;L1105_Na21_H2_B_D6;NA;interpop;B;Narbonne_H2;4
381;L1086_Na121_H4_B_E2;NA;interpop;B;Narbonne_H4;8
382;L1086_Na121_H4_B_E2;NA;interpop;B;Narbonne_H4;8
383;L1086_Na121_H4_B_E2;NA;interpop;B;Narbonne_H4;7
384;L1086_Na121_H4_B_E2;NA;interpop;B;Narbonne_H4;7
385;L1086_Na121_H4_B_E2;NA;interpop;B;Narbonne_H4;8
386;L1086_Na121_H4_B_E2;NA;interpop;B;Narbonne_H4;8
387;L1086_Na121_H4_B_E2;NA;interpop;B;Narbonne_H4;8
388;L1086_Na121_H4_B_E2;NA;interpop;B;Narbonne_H4;8
389;L1086_Na121_H4_B_E2;NA;interpop;B;Narbonne_H4;8
390;L1086_Na121_H4_B_E2;NA;interpop;B;Narbonne_H4;8
391;L1086_Na121_H4_B_E2;NA;interpop;B;Narbonne_H4;6
392;L1090_Na136_H1_B_E3;NA;interpop;B;Narbonne_H1;8
393;L1090_Na136_H1_B_E3;NA;interpop;B;Narbonne_H1;8
394;L1090_Na136_H1_B_E3;NA;interpop;B;Narbonne_H1;7
395;L1090_Na136_H1_B_E3;NA;interpop;B;Narbonne_H1;7
396;L1090_Na136_H1_B_E3;NA;interpop;B;Narbonne_H1;8
397;L1090_Na136_H1_B_E3;NA;interpop;B;Narbonne_H1;8
398;L1090_Na136_H1_B_E3;NA;interpop;B;Narbonne_H1;7
399;L1090_Na136_H1_B_E3;NA;interpop;B;Narbonne_H1;7
400;L1090_Na136_H1_B_E3;NA;interpop;B;Narbonne_H1;7
401;L1090_Na136_H1_B_E3;NA;interpop;B;Narbonne_H1;7
402;L1090_Na136_H1_B_E3;NA;interpop;B;Narbonne_H1;8
403;L1090_Na136_H1_B_E3;NA;interpop;B;Narbonne_H1;8
404;L1090_Na136_H1_B_E3;NA;interpop;B;Narbonne_H1;8
405;L1090_Na136_H1_B_E3;NA;interpop;B;Narbonne_H1;8
406;L1090_Na136_H1_B_E3;NA;interpop;B;Narbonne_H1;9
407;L1090_Na136_H1_B_E3;NA;interpop;B;Narbonne_H1;9
408;L1090_Na136_H1_B_E3;NA;interpop;B;Narbonne_H1;8
409;L1090_Na136_H1_B_E3;NA;interpop;B;Narbonne_H1;8
410;L1090_Na136_H1_B_E3;NA;interpop;B;Narbonne_H1;6
411;L1090_Na136_H1_B_E3;NA;interpop;B;Narbonne_H1;7
412;L1090_Na136_H1_B_E3;NA;interpop;B;Narbonne_H1;7
413;L1090_Na136_H1_B_E3;NA;interpop;B;Narbonne_H1;6
414;L1090_Na136_H1_B_E3;NA;interpop;B;Narbonne_H1;8
415;L1090_Na136_H1_B_E3;NA;interpop;B;Narbonne_H1;8
416;L1090_Na136_H1_B_E3;NA;interpop;B;Narbonne_H1;8
417;L1090_Na136_H1_B_E3;NA;interpop;B;Narbonne_H1;8
418;L1090_Na136_H1_B_E3;NA;interpop;B;Narbonne_H1;7
419;L1090_Na136_H1_B_E3;NA;interpop;B;Narbonne_H1;7
420;L1090_Na136_H1_B_E3;NA;interpop;B;Narbonne_H1;7
421;L1090_Na136_H1_B_E3;NA;interpop;B;Narbonne_H1;7
422;L1090_Na136_H1_B_E5;NA;interpop;B;Narbonne_H1;7
423;L1090_Na136_H1_B_E5;NA;interpop;B;Narbonne_H1;7
424;L1090_Na136_H1_B_E5;NA;interpop;B;Narbonne_H1;7
425;L1090_Na136_H1_B_E5;NA;interpop;B;Narbonne_H1;7
426;L1090_Na136_H1_B_E5;NA;interpop;B;Narbonne_H1;5
427;L1096b_Na156_H4_B_E6;NA;interpop;B;Narbonne_H4;6
428;L1096b_Na156_H4_B_E6;NA;interpop;B;Narbonne_H4;7
429;L1096b_Na156_H4_B_E6;NA;interpop;B;Narbonne_H4;7
430;L1096b_Na156_H4_B_E6;NA;interpop;B;Narbonne_H4;7
431;L1096b_Na156_H4_B_E6;NA;interpop;B;Narbonne_H4;7
432;L1096b_Na156_H4_B_E6;NA;interpop;B;Narbonne_H4;7
433;L1096b_Na156_H4_B_E6;NA;interpop;B;Narbonne_H4;7
434;L1096b_Na156_H4_B_E6;NA;interpop;B;Narbonne_H4;7
435;L1096b_Na156_H4_B_E6;NA;interpop;B;Narbonne_H4;7
436;L1096b_Na156_H4_B_E6;NA;interpop;B;Narbonne_H4;5
437;L1096b_Na156_H4_B_E6;NA;interpop;B;Narbonne_H4;4
438;L1109_Na314_H5_B_EE1;NA;interpop;B;Narbonne_H5;7
439;L1109_Na314_H5_B_EE1;NA;interpop;B;Narbonne_H5;7
440;L1109_Na314_H5_B_EE1;NA;interpop;B;Narbonne_H5;6
441;L1109_Na314_H5_B_EE1;NA;interpop;B;Narbonne_H5;6
442;ESP-163-2009-08_H2_B_F3;NA;interpop;B;Espagne_H2;8
443;ESP-163-2009-08_H2_B_F3;NA;interpop;B;Espagne_H2;8
444;ESP-163-2009-08_H2_B_F3;NA;interpop;B;Espagne_H2;9
445;ESP-163-2009-08_H2_B_F3;NA;interpop;B;Espagne_H2;9
446;ESP-163-2009-08_H2_B_F3;NA;interpop;B;Espagne_H2;7
447;ESP-163-2009-08_H2_B_F3;NA;interpop;B;Espagne_H2;7
448;ESP-163-2009-08_H2_B_F3;NA;interpop;B;Espagne_H2;10
449;ESP-163-2009-08_H2_B_F3;NA;interpop;B;Espagne_H2;10
450;ESP-163-2009-08_H2_B_F3;NA;interpop;B;Espagne_H2;7
451;ESP-163-2009-08_H2_B_F3;NA;interpop;B;Espagne_H2;7
452;ESP-163-2009-08_H2_B_F3;NA;interpop;B;Espagne_H2;6
453;ESP-163-2009-08_H2_B_F3;NA;interpop;B;Espagne_H2;7
454;ESP-163-2009-08_H2_B_F3;NA;interpop;B;Espagne_H2;7
455;ESP-163-2009-08_H2_B_F3;NA;interpop;B;Espagne_H2;6
456;ESP-163-2009-08_H2_B_F3;NA;interpop;B;Espagne_H2;6
457;F89-13-46-b2_H4_2013_B_F6;NA;interpop;B;Corse_H4;7
458;F89-13-46-b2_H4_2013_B_F6;NA;interpop;B;Corse_H4;7
459;F89-13-46-b2_H4_2013_B_F6;NA;interpop;B;Corse_H4;7
460;F89-13-46-b2_H4_2013_B_F6;NA;interpop;B;Corse_H4;7
461;Inconnu?_E_A12;NA;interpop;E;NA;8
462;Inconnu?_E_A12;NA;interpop;E;NA;8
463;Inconnu?_E_A12;NA;interpop;E;NA;7
464;Inconnu?_E_A12;NA;interpop;E;NA;7
465;Inconnu?_E_A12;NA;interpop;E;NA;7
466;Inconnu?_E_A12;NA;interpop;E;NA;7
467;Inconnu?_E_A12;NA;interpop;E;NA;7
468;Inconnu?_E_A12;NA;interpop;E;NA;7
469;Inconnu?_E_A12;NA;interpop;E;NA;5
470;Inconnu?_E_A12;NA;interpop;E;NA;6
471;Inconnu?_E_A12;NA;interpop;E;NA;6
472;Inconnu?_E_A12;NA;interpop;E;NA;8
473;Inconnu?_E_A12;NA;interpop;E;NA;8
474;Inconnu?_E_A12;NA;interpop;E;NA;6
475;F89-13-46-b2_H4_2013_E_A2;NA;interpop;E;Corse_H4;7
476;F89-13-46-b2_H4_2013_E_A2;NA;interpop;E;Corse_H4;7
477;F89-13-46-b2_H4_2013_E_A2;NA;interpop;E;Corse_H4;4
478;L1125_Na657_H8_E_A3;NA;interpop;E;Narbonne_H8;5
479;L1125_Na657_H8_E_A3;NA;interpop;E;Narbonne_H8;6
480;F89-13-156-p2_H5_E_A6;NA;interpop;E;Corse_H5;6
481;F89-13-156-p2_H5_E_A6;NA;interpop;E;Corse_H5;4
482;F89-13-42-b2_H4_2013_E_B2;NA;interpop;E;Corse_H4;6
483;F89-13-42-b2_H4_2013_E_B2;NA;interpop;E;Corse_H4;6
484;F89-13-42-b2_H4_2013_E_B2;NA;interpop;E;Corse_H4;5
485;F89-13-42-b2_H4_2013_E_B2;NA;interpop;E;Corse_H4;7
486;F89-13-42-b2_H4_2013_E_B2;NA;interpop;E;Corse_H4;7
487;F89-13-42-b2_H4_2013_E_B2;NA;interpop;E;Corse_H4;5
488;F89-13-155-p2_H1_E_CC3;NA;interpop;E;Corse_H1;6
489;F89-13-155-p2_H1_E_CC3;NA;interpop;E;Corse_H1;7
490;F89-13-155-p2_H1_E_CC3;NA;interpop;E;Corse_H1;7
491;F89-13-155-p2_H1_E_CC3;NA;interpop;E;Corse_H1;5
492;F89-13-155-p2_H1_E_CC5;NA;interpop;E;Corse_H1;7
493;F89-13-155-p2_H1_E_CC5;NA;interpop;E;Corse_H1;7
494;L1119_Na545_H50_E_D1;NA;interpop;E;Narbonne_H50;7
495;L1119_Na545_H50_E_D1;NA;interpop;E;Narbonne_H50;7
496;L1119_Na545_H50_E_D1;NA;interpop;E;Narbonne_H50;8
497;L1119_Na545_H50_E_D1;NA;interpop;E;Narbonne_H50;8
498;L1119_Na545_H50_E_D1;NA;interpop;E;Narbonne_H50;7
499;L1119_Na545_H50_E_D1;NA;interpop;E;Narbonne_H50;7
500;L1119_Na545_H50_E_D1;NA;interpop;E;Narbonne_H50;5
501;L1119_Na545_H50_E_D1;NA;interpop;E;Narbonne_H50;6
502;L1119_Na545_H50_E_D1;NA;interpop;E;Narbonne_H50;6
503;L1119_Na545_H50_E_D1;NA;interpop;E;Narbonne_H50;7
504;L1119_Na545_H50_E_D1;NA;interpop;E;Narbonne_H50;7
505;L1119_Na545_H50_E_D1;NA;interpop;E;Narbonne_H50;6
506;L1119_Na545_H50_E_D1;NA;interpop;E;Narbonne_H50;8
507;L1119_Na545_H50_E_D1;NA;interpop;E;Narbonne_H50;8
508;L1119_Na545_H50_E_D1;NA;interpop;E;Narbonne_H50;6
509;L1119_Na545_H50_E_D1;NA;interpop;E;Narbonne_H50;5
510;L1119_Na545_H50_E_D1;NA;interpop;E;Narbonne_H50;4
511;L1119_Na545_H50_E_D1;NA;interpop;E;Narbonne_H50;2
512;L1119_Na545_H50_E_D1;NA;interpop;E;Narbonne_H50;4
513;L1119_Na545_H50_E_D1;NA;interpop;E;Narbonne_H50;7
514;L1119_Na545_H50_E_D1;NA;interpop;E;Narbonne_H50;7
515;L1119_Na545_H50_E_D1;NA;interpop;E;Narbonne_H50;7
516;L1119_Na545_H50_E_D1;NA;interpop;E;Narbonne_H50;7
517;L1119_Na545_H50_E_D1;NA;interpop;E;Narbonne_H50;6
518;L1086_Na121_H4_E_D2;NA;interpop;E;Narbonne_H4;7
519;L1086_Na121_H4_E_D2;NA;interpop;E;Narbonne_H4;7
520;L1086_Na121_H4_E_D2;NA;interpop;E;Narbonne_H4;6
521;L1086_Na121_H4_E_D2;NA;interpop;E;Narbonne_H4;4
522;ESP-163-2009-01_H3_E_D3;NA;interpop;E;Espagne_H3;6
523;ESP-163-2009-01_H3_E_D3;NA;interpop;E;Espagne_H3;6
524;ESP-163-2009-01_H3_E_D3;NA;interpop;E;Espagne_H3;8
525;ESP-163-2009-01_H3_E_D3;NA;interpop;E;Espagne_H3;8
526;ESP-163-2009-01_H3_E_D3;NA;interpop;E;Espagne_H3;9
527;ESP-163-2009-01_H3_E_D3;NA;interpop;E;Espagne_H3;9
528;ESP-163-2009-01_H3_E_D3;NA;interpop;E;Espagne_H3;8
529;ESP-163-2009-01_H3_E_D3;NA;interpop;E;Espagne_H3;8
530;ESP-163-2009-01_H3_E_D3;NA;interpop;E;Espagne_H3;6
531;ESP-163-2009-01_H3_E_D3;NA;interpop;E;Espagne_H3;8
532;ESP-163-2009-01_H3_E_D3;NA;interpop;E;Espagne_H3;8
533;ESP-163-2009-01_H3_E_D3;NA;interpop;E;Espagne_H3;8
534;ESP-163-2009-01_H3_E_D3;NA;interpop;E;Espagne_H3;8
535;ESP-163-2009-01_H3_E_D3;NA;interpop;E;Espagne_H3;5
536;ESP-163-2009-01_H3_E_D3;NA;interpop;E;Espagne_H3;8
537;ESP-163-2009-01_H3_E_D3;NA;interpop;E;Espagne_H3;8
538;ESP-163-2009-01_H3_E_D3;NA;interpop;E;Espagne_H3;7
539;ESP-163-2009-01_H3_E_D3;NA;interpop;E;Espagne_H3;7
540;ESP-163-2009-01_H3_E_D3;NA;interpop;E;Espagne_H3;5
541;L1119_Na545_H50_E_D4;NA;interpop;E;Narbonne_H50;8
542;L1119_Na545_H50_E_D4;NA;interpop;E;Narbonne_H50;8
543;L1119_Na545_H50_E_D4;NA;interpop;E;Narbonne_H50;8
544;L1119_Na545_H50_E_D4;NA;interpop;E;Narbonne_H50;8
545;L1119_Na545_H50_E_D4;NA;interpop;E;Narbonne_H50;8
546;L1119_Na545_H50_E_D4;NA;interpop;E;Narbonne_H50;8
547;L1119_Na545_H50_E_D4;NA;interpop;E;Narbonne_H50;7
548;L1119_Na545_H50_E_D4;NA;interpop;E;Narbonne_H50;7
549;L1119_Na545_H50_E_D4;NA;interpop;E;Narbonne_H50;7
550;L1119_Na545_H50_E_D4;NA;interpop;E;Narbonne_H50;7
551;L1119_Na545_H50_E_D4;NA;interpop;E;Narbonne_H50;6
552;L1119_Na545_H50_E_D4;NA;interpop;E;Narbonne_H50;8
553;L1119_Na545_H50_E_D4;NA;interpop;E;Narbonne_H50;8
554;L1119_Na545_H50_E_D4;NA;interpop;E;Narbonne_H50;7
555;L1119_Na545_H50_E_D4;NA;interpop;E;Narbonne_H50;7
556;L1119_Na545_H50_E_D4;NA;interpop;E;Narbonne_H50;6
557;L1119_Na545_H50_E_D4;NA;interpop;E;Narbonne_H50;8
558;L1119_Na545_H50_E_D4;NA;interpop;E;Narbonne_H50;8
559;L1119_Na545_H50_E_D4;NA;interpop;E;Narbonne_H50;7
560;L1119_Na545_H50_E_D4;NA;interpop;E;Narbonne_H50;7
561;L1119_Na545_H50_E_D4;NA;interpop;E;Narbonne_H50;7
562;L1119_Na545_H50_E_D4;NA;interpop;E;Narbonne_H50;7
563;L1105_Na21_H2_E_E1;NA;interpop;E;Narbonne_H2;7
564;L1105_Na21_H2_E_E1;NA;interpop;E;Narbonne_H2;7
565;L1090_Na136_H1_E_E2;NA;interpop;E;Narbonne_H1;8
566;L1090_Na136_H1_E_E2;NA;interpop;E;Narbonne_H1;8
567;L1090_Na136_H1_E_E2;NA;interpop;E;Narbonne_H1;8
568;L1090_Na136_H1_E_E2;NA;interpop;E;Narbonne_H1;8
569;L1090_Na136_H1_E_E2;NA;interpop;E;Narbonne_H1;4
570;L1090_Na136_H1_E_E2;NA;interpop;E;Narbonne_H1;6
571;L1096b_Na156_H4_E_E4;NA;interpop;E;Narbonne_H4;6
572;L1096b_Na156_H4_E_E4;NA;interpop;E;Narbonne_H4;7
573;L1096b_Na156_H4_E_E4;NA;interpop;E;Narbonne_H4;7
574;L1096b_Na156_H4_E_E4;NA;interpop;E;Narbonne_H4;2
575;F89-13-156-p2_H5_E_E6;NA;interpop;E;Corse_H5;6
576;L1096b_Na156_H4_E_EE1;NA;interpop;E;Narbonne_H4;5
577;L1096b_Na156_H4_E_EE1;NA;interpop;E;Narbonne_H4;4
578;Inconnu?_E_EE5;NA;interpop;E;NA;7
579;Inconnu?_E_EE5;NA;interpop;E;NA;7
580;Inconnu?_E_EE5;NA;interpop;E;NA;8
581;Inconnu?_E_EE5;NA;interpop;E;NA;8
582;Inconnu?_E_EE5;NA;interpop;E;NA;6
583;Inconnu?_E_EE5;NA;interpop;E;NA;6
584;L1110b_Na326_H5_E_F3;NA;interpop;E;Narbonne_H5;7
585;L1110b_Na326_H5_E_F3;NA;interpop;E;Narbonne_H5;7
586;L1110b_Na326_H5_E_F3;NA;interpop;E;Narbonne_H5;5
587;L1110b_Na326_H5_E_F3;NA;interpop;E;Narbonne_H5;3
588;F89-13-46-b2_H4_2013_I_A1;NA;interpop;I;Corse_H4;8
589;F89-13-46-b2_H4_2013_I_A1;NA;interpop;I;Corse_H4;8
590;F89-13-46-b2_H4_2013_I_A1;NA;interpop;I;Corse_H4;5
591;F89-13-156-p2_H5_I_A2;NA;interpop;I;Corse_H5;3
592;F89-13-156-p2_H5_I_A2;NA;interpop;I;Corse_H5;6
593;F89-13-156-p2_H5_I_A2;NA;interpop;I;Corse_H5;2
594;L1123_Na632_H8_I_A5;NA;interpop;I;Narbonne_H8;6
595;L1123_Na632_H8_I_A5;NA;interpop;I;Narbonne_H8;7
596;L1123_Na632_H8_I_A5;NA;interpop;I;Narbonne_H8;7
597;L1123_Na632_H8_I_A5;NA;interpop;I;Narbonne_H8;6
598;L1123_Na632_H8_I_A5;NA;interpop;I;Narbonne_H8;9
599;L1123_Na632_H8_I_A5;NA;interpop;I;Narbonne_H8;9
600;L1123_Na632_H8_I_A5;NA;interpop;I;Narbonne_H8;7
601;L1123_Na632_H8_I_A5;NA;interpop;I;Narbonne_H8;7
602;L1105_Na21_H2_I_A6;NA;interpop;I;Narbonne_H2;8
603;L1105_Na21_H2_I_A6;NA;interpop;I;Narbonne_H2;8
604;L1105_Na21_H2_I_A6;NA;interpop;I;Narbonne_H2;7
605;L1105_Na21_H2_I_A6;NA;interpop;I;Narbonne_H2;7
606;L1105_Na21_H2_I_A6;NA;interpop;I;Narbonne_H2;8
607;L1105_Na21_H2_I_A6;NA;interpop;I;Narbonne_H2;8
608;L1105_Na21_H2_I_A6;NA;interpop;I;Narbonne_H2;8
609;L1105_Na21_H2_I_A6;NA;interpop;I;Narbonne_H2;8
610;L1105_Na21_H2_I_A6;NA;interpop;I;Narbonne_H2;8
611;L1105_Na21_H2_I_A6;NA;interpop;I;Narbonne_H2;8
612;L1105_Na21_H2_I_A6;NA;interpop;I;Narbonne_H2;7
613;L1105_Na21_H2_I_A6;NA;interpop;I;Narbonne_H2;7
614;L1105_Na21_H2_I_A6;NA;interpop;I;Narbonne_H2;3
615;L1105_Na21_H2_I_A6;NA;interpop;I;Narbonne_H2;7
616;L1105_Na21_H2_I_A6;NA;interpop;I;Narbonne_H2;7
617;L1107_Na234_H2_I_AA5;NA;interpop;I;Narbonne_H2;6
618;F89-13-42-b2_H4_2013_I_B5;NA;interpop;I;Corse_H4;5
619;L1090_Na136_H1_I_C5;NA;interpop;I;Narbonne_H1;7
620;L1090_Na136_H1_I_C5;NA;interpop;I;Narbonne_H1;7
621;L1090_Na136_H1_I_C5;NA;interpop;I;Narbonne_H1;7
622;L1090_Na136_H1_I_C5;NA;interpop;I;Narbonne_H1;7
623;L1090_Na136_H1_I_C5;NA;interpop;I;Narbonne_H1;8
624;L1090_Na136_H1_I_C5;NA;interpop;I;Narbonne_H1;8
625;L1090_Na136_H1_I_C5;NA;interpop;I;Narbonne_H1;3
626;L1130_Na1028_H1_I_CC5;NA;interpop;I;Narbonne_H1;3
627;L1130_Na1028_H1_I_CC5bis;NA;interpop;I;Narbonne_H1;8
628;F89-13-101-r2_H1_I_D4;NA;interpop;I;Corse_H1;8
629;F89-13-101-r2_H1_I_D4;NA;interpop;I;Corse_H1;8
630;F89-13-101-r2_H1_I_D4;NA;interpop;I;Corse_H1;8
631;F89-13-101-r2_H1_I_D4;NA;interpop;I;Corse_H1;8
632;F89-13-156-p2_H5_I_E1;NA;interpop;I;Corse_H5;6
633;F89-13-155-p2_H1_I_E3;NA;interpop;I;Corse_H1;8
634;F89-13-155-p2_H1_I_E3;NA;interpop;I;Corse_H1;8
635;F89-13-155-p2_H1_I_E3;NA;interpop;I;Corse_H1;6
636;F89-13-155-p2_H1_I_E3;NA;interpop;I;Corse_H1;7
637;F89-13-155-p2_H1_I_E3;NA;interpop;I;Corse_H1;7
638;F89-13-155-p2_H1_I_E3;NA;interpop;I;Corse_H1;9
639;F89-13-155-p2_H1_I_E3;NA;interpop;I;Corse_H1;9
640;F89-13-155-p2_H1_I_E3;NA;interpop;I;Corse_H1;7
641;F89-13-155-p2_H1_I_E3;NA;interpop;I;Corse_H1;7
642;F89-13-155-p2_H1_I_E3;NA;interpop;I;Corse_H1;7
643;F89-13-155-p2_H1_I_E3;NA;interpop;I;Corse_H1;7
644;F89-13-155-p2_H1_I_E3;NA;interpop;I;Corse_H1;7
645;F89-13-155-p2_H1_I_E3;NA;interpop;I;Corse_H1;7
646;F89-13-155-p2_H1_I_E3;NA;interpop;I;Corse_H1;7
647;F89-13-155-p2_H1_I_E3;NA;interpop;I;Corse_H1;7
648;F89-13-155-p2_H1_I_E3;NA;interpop;I;Corse_H1;7
649;F89-13-155-p2_H1_I_E3;NA;interpop;I;Corse_H1;7
650;F89-13-155-p2_H1_I_E3;NA;interpop;I;Corse_H1;7
651;F89-13-155-p2_H1_I_E3;NA;interpop;I;Corse_H1;7
652;F89-13-155-p2_H1_I_E3;NA;interpop;I;Corse_H1;7
653;F89-13-155-p2_H1_I_E3;NA;interpop;I;Corse_H1;7
654;L1110b_Na326_H5_I_E5;NA;interpop;I;Narbonne_H5;5
655;L1110b_Na326_H5_I_E5;NA;interpop;I;Narbonne_H5;7
656;L1110b_Na326_H5_I_E5;NA;interpop;I;Narbonne_H5;7
657;F89-13-101-r2_H1_I_EE1;NA;interpop;I;Corse_H1;7
658;F89-13-101-r2_H1_I_EE1;NA;interpop;I;Corse_H1;7
659;F89-13-101-r2_H1_I_EE1;NA;interpop;I;Corse_H1;7
660;F89-13-101-r2_H1_I_EE1;NA;interpop;I;Corse_H1;7
661;F89-13-101-r2_H1_I_EE1;NA;interpop;I;Corse_H1;8
662;F89-13-101-r2_H1_I_EE1;NA;interpop;I;Corse_H1;8
663;F89-13-101-r2_H1_I_EE1;NA;interpop;I;Corse_H1;5
664;L1110b_Na326_H5_I_EE3;NA;interpop;I;Narbonne_H5;7
665;L1110b_Na326_H5_I_EE3;NA;interpop;I;Narbonne_H5;7
666;L1130_Na1028_H1_I_F5;NA;interpop;I;Narbonne_H1;7
667;L1130_Na1028_H1_I_F5;NA;interpop;I;Narbonne_H1;7
668;L1130_Na1028_H1_I_F5;NA;interpop;I;Narbonne_H1;8
669;L1130_Na1028_H1_I_F5;NA;interpop;I;Narbonne_H1;8
670;L1130_Na1028_H1_I_F5;NA;interpop;I;Narbonne_H1;8
671;L1130_Na1028_H1_I_F5;NA;interpop;I;Narbonne_H1;8
672;L1130_Na1028_H1_I_F5;NA;interpop;I;Narbonne_H1;7
673;L1130_Na1028_H1_I_F5;NA;interpop;I;Narbonne_H1;7
674;F89-13-156-p2_H5_J_A1;NA;interpop;J;Corse_H5;7
675;F89-13-156-p2_H5_J_A1;NA;interpop;J;Corse_H5;7
676;F89-13-156-p2_H5_J_A1;NA;interpop;J;Corse_H5;7
677;F89-13-156-p2_H5_J_A1;NA;interpop;J;Corse_H5;7
678;F89-13-156-p2_H5_J_A1;NA;interpop;J;Corse_H5;8
679;F89-13-156-p2_H5_J_A1;NA;interpop;J;Corse_H5;8
680;F89-13-156-p2_H5_J_A1;NA;interpop;J;Corse_H5;8
681;F89-13-156-p2_H5_J_A1;NA;interpop;J;Corse_H5;8
682;F89-13-156-p2_H5_J_A1;NA;interpop;J;Corse_H5;8
683;F89-13-156-p2_H5_J_A1;NA;interpop;J;Corse_H5;8
684;F89-13-156-p2_H5_J_A1;NA;interpop;J;Corse_H5;5
685;F89-13-156-p2_H5_J_A1;NA;interpop;J;Corse_H5;8
686;F89-13-156-p2_H5_J_A1;NA;interpop;J;Corse_H5;8
687;F89-13-156-p2_H5_J_A1;NA;interpop;J;Corse_H5;7
688;F89-13-156-p2_H5_J_A1;NA;interpop;J;Corse_H5;7
689;F89-13-156-p2_H5_J_A1;NA;interpop;J;Corse_H5;8
690;F89-13-156-p2_H5_J_A1;NA;interpop;J;Corse_H5;8
691;F89-13-156-p2_H5_J_A1;NA;interpop;J;Corse_H5;5
692;F89-13-156-p2_H5_J_A1;NA;interpop;J;Corse_H5;8
693;F89-13-156-p2_H5_J_A1;NA;interpop;J;Corse_H5;8
694;F89-13-156-p2_H5_J_A1;NA;interpop;J;Corse_H5;7
695;F89-13-156-p2_H5_J_A1;NA;interpop;J;Corse_H5;7
696;F89-13-156-p2_H5_J_A1;NA;interpop;J;Corse_H5;5
697;F89-13-42-b2_H4_2013_J_A5;NA;interpop;J;Corse_H4;5
698;F89-13-42-b2_H4_2013_J_A5;NA;interpop;J;Corse_H4;7
699;F89-13-42-b2_H4_2013_J_A5;NA;interpop;J;Corse_H4;7
700;F89-13-42-b2_H4_2013_J_A5;NA;interpop;J;Corse_H4;6
701;F89-13-42-b2_H4_2013_J_A5;NA;interpop;J;Corse_H4;6
702;F89-13-46-b2_H4_2013_J_A6;NA;interpop;J;Corse_H4;3
703;L1130_Na1028_H1_J_B4;NA;interpop;J;Narbonne_H1;6
704;L1130_Na1028_H1_J_B4;NA;interpop;J;Narbonne_H1;6
705;L1130_Na1028_H1_J_B4;NA;interpop;J;Narbonne_H1;3
706;L1130_Na1028_H1_J_B4;NA;interpop;J;Narbonne_H1;6
707;L1130_Na1028_H1_J_B4;NA;interpop;J;Narbonne_H1;8
708;L1130_Na1028_H1_J_B4;NA;interpop;J;Narbonne_H1;8
709;L1130_Na1028_H1_J_B4;NA;interpop;J;Narbonne_H1;6
710;L1130_Na1028_H1_J_B4;NA;interpop;J;Narbonne_H1;1
711;L1086_Na121_H4_J_CC5;NA;interpop;J;Narbonne_H4;7
712;L1086_Na121_H4_J_CC5;NA;interpop;J;Narbonne_H4;7
713;L1086_Na121_H4_J_CC5;NA;interpop;J;Narbonne_H4;7
714;L1086_Na121_H4_J_CC5;NA;interpop;J;Narbonne_H4;7
715;L1086_Na121_H4_J_CC5;NA;interpop;J;Narbonne_H4;8
716;L1086_Na121_H4_J_CC5;NA;interpop;J;Narbonne_H4;8
717;L1086_Na121_H4_J_CC5;NA;interpop;J;Narbonne_H4;6
718;L1086_Na121_H4_J_CC5;NA;interpop;J;Narbonne_H4;6
719;L1086_Na121_H4_J_CC5;NA;interpop;J;Narbonne_H4;1
720;F89-13-156-p2_H5_J_D1;NA;interpop;J;Corse_H5;8
721;F89-13-156-p2_H5_J_D1;NA;interpop;J;Corse_H5;8
722;F89-13-156-p2_H5_J_D1;NA;interpop;J;Corse_H5;6
723;F89-13-155-p2_H1_J_E6;NA;interpop;J;Corse_H1;8
724;F89-13-155-p2_H1_J_E6;NA;interpop;J;Corse_H1;8
725;F89-13-155-p2_H1_J_E6;NA;interpop;J;Corse_H1;6
726;F89-13-155-p2_H1_J_E6;NA;interpop;J;Corse_H1;6
727;F89-13-156-p2_H5_J_F2;NA;interpop;J;Corse_H5;6
728;ESP-163-2009-10_H2_N_A1;NA;interpop;N;Espagne_H2;7
729;ESP-163-2009-10_H2_N_A1;NA;interpop;N;Espagne_H2;7
730;ESP-163-2009-10_H2_N_A1;NA;interpop;N;Espagne_H2;8
731;ESP-163-2009-10_H2_N_A1;NA;interpop;N;Espagne_H2;8
732;ESP-163-2009-10_H2_N_A1;NA;interpop;N;Espagne_H2;6
733;ESP-163-2009-10_H2_N_A1;NA;interpop;N;Espagne_H2;4
734;ESP-163-2009-10_H2_N_A1;NA;interpop;N;Espagne_H2;7
735;ESP-163-2009-10_H2_N_A1;NA;interpop;N;Espagne_H2;7
736;ESP-163-2009-10_H2_N_A1;NA;interpop;N;Espagne_H2;5
737;ESP-163-2009-10_H2_N_A1;NA;interpop;N;Espagne_H2;6
738;ESP-163-2009-10_H2_N_A1;NA;interpop;N;Espagne_H2;6
739;ESP-163-2009-10_H2_N_A1;NA;interpop;N;Espagne_H2;5
740;ESP-163-2009-10_H2_N_A1;NA;interpop;N;Espagne_H2;4
741;ESP-163-2009-10_H2_N_A1;NA;interpop;N;Espagne_H2;3
742;ESP-163-2009-10_H2_N_A1;NA;interpop;N;Espagne_H2;4
743;ESP-163-2009-10_H2_N_A1;NA;interpop;N;Espagne_H2;5
744;ESP-163-2009-10_H2_N_A1;NA;interpop;N;Espagne_H2;7
745;ESP-163-2009-10_H2_N_A1;NA;interpop;N;Espagne_H2;7
746;ESP-163-2009-10_H2_N_A1;NA;interpop;N;Espagne_H2;4
747;ESP-163-2009-10_H2_N_A1;NA;interpop;N;Espagne_H2;8
748;ESP-163-2009-10_H2_N_A1;NA;interpop;N;Espagne_H2;8
749;ESP-163-2009-10_H2_N_A1;NA;interpop;N;Espagne_H2;8
750;ESP-163-2009-10_H2_N_A1;NA;interpop;N;Espagne_H2;8
751;ESP-163-2009-10_H2_N_A1;NA;interpop;N;Espagne_H2;6
752;Inconnu?_N_A34;NA;interpop;N;NA;6
753;Inconnu?_N_A34;NA;interpop;N;NA;4
754;Inconnu?_N_A34;NA;interpop;N;NA;6
755;Inconnu?_N_A5;NA;interpop;N;NA;3
756;Inconnu?_N_A6;NA;interpop;N;NA;5
757;Inconnu?_N_A6;NA;interpop;N;NA;4
758;Inconnu?_N_A6;NA;interpop;N;NA;2
759;L1110b_Na326_H5_N_AA5;NA;interpop;N;Narbonne_H5;7
760;L1110b_Na326_H5_N_AA5;NA;interpop;N;Narbonne_H5;7
761;L1110b_Na326_H5_N_AA5;NA;interpop;N;Narbonne_H5;5
762;L1110b_Na326_H5_N_AA5;NA;interpop;N;Narbonne_H5;4
763;F89-13-101-r2_H1_N_C1;NA;interpop;N;Corse_H1;4
764;L1130_Na1028_H1_N_C4;NA;interpop;N;Narbonne_H1;7
765;L1130_Na1028_H1_N_C4;NA;interpop;N;Narbonne_H1;7
766;L1130_Na1028_H1_N_C4;NA;interpop;N;Narbonne_H1;7
767;L1130_Na1028_H1_N_C4;NA;interpop;N;Narbonne_H1;7
768;L1130_Na1028_H1_N_C4;NA;interpop;N;Narbonne_H1;7
769;L1130_Na1028_H1_N_C4;NA;interpop;N;Narbonne_H1;7
770;L1130_Na1028_H1_N_C4;NA;interpop;N;Narbonne_H1;6
771;L1130_Na1028_H1_N_C4;NA;interpop;N;Narbonne_H1;8
772;L1130_Na1028_H1_N_C4;NA;interpop;N;Narbonne_H1;8
773;L1130_Na1028_H1_N_C4;NA;interpop;N;Narbonne_H1;7
774;L1130_Na1028_H1_N_C4;NA;interpop;N;Narbonne_H1;7
775;L1130_Na1028_H1_N_C4;NA;interpop;N;Narbonne_H1;8
776;L1130_Na1028_H1_N_C4;NA;interpop;N;Narbonne_H1;8
777;L1130_Na1028_H1_N_C4;NA;interpop;N;Narbonne_H1;7
778;L1130_Na1028_H1_N_C4;NA;interpop;N;Narbonne_H1;7
779;L1130_Na1028_H1_N_C4;NA;interpop;N;Narbonne_H1;6
780;L1130_Na1028_H1_N_C4;NA;interpop;N;Narbonne_H1;5
781;L1130_Na1028_H1_N_C4;NA;interpop;N;Narbonne_H1;7
782;L1130_Na1028_H1_N_C4;NA;interpop;N;Narbonne_H1;7
783;L1130_Na1028_H1_N_C4;NA;interpop;N;Narbonne_H1;5
784;L1130_Na1028_H1_N_C4;NA;interpop;N;Narbonne_H1;6
785;L1130_Na1028_H1_N_C4;NA;interpop;N;Narbonne_H1;7
786;L1130_Na1028_H1_N_C4;NA;interpop;N;Narbonne_H1;7
787;L1130_Na1028_H1_N_C4;NA;interpop;N;Narbonne_H1;4
788;L1130_Na1028_H1_N_C4;NA;interpop;N;Narbonne_H1;8
789;L1130_Na1028_H1_N_C4;NA;interpop;N;Narbonne_H1;8
790;L1130_Na1028_H1_N_C4;NA;interpop;N;Narbonne_H1;6
791;L1130_Na1028_H1_N_C4;NA;interpop;N;Narbonne_H1;7
792;L1130_Na1028_H1_N_C4;NA;interpop;N;Narbonne_H1;7
793;L1130_Na1028_H1_N_C4;NA;interpop;N;Narbonne_H1;4
794;L1130_Na1028_H1_N_C4;NA;interpop;N;Narbonne_H1;3
795;L1130_Na1028_H1_N_C4;NA;interpop;N;Narbonne_H1;5
796;F89-13-155-p2_H1_N_C6;NA;interpop;N;Corse_H1;5
797;F89-13-155-p2_H1_N_C6;NA;interpop;N;Corse_H1;4
798;F89-13-155-p2_H1_N_C6;NA;interpop;N;Corse_H1;5
799;F89-13-155-p2_H1_N_C6;NA;interpop;N;Corse_H1;6
800;F89-13-155-p2_H1_N_C6;NA;interpop;N;Corse_H1;3
801;F89-13-155-p2_H1_N_C6;NA;interpop;N;Corse_H1;2
802;L1110b_Na326_H5_N_CC1;NA;interpop;N;Narbonne_H5;5
803;L1110b_Na326_H5_N_CC1;NA;interpop;N;Narbonne_H5;6
804;L1110b_Na326_H5_N_CC1;NA;interpop;N;Narbonne_H5;1
805;L1110b_Na326_H5_N_CC1;NA;interpop;N;Narbonne_H5;1
806;L1125_Na657_H8_N_D1;NA;interpop;N;Narbonne_H8;5
807;F89-13-46-b2_H4_2013_N_E1;NA;interpop;N;Corse_H4;7
808;F89-13-46-b2_H4_2013_N_E1;NA;interpop;N;Corse_H4;7
809;F89-13-46-b2_H4_2013_N_E1;NA;interpop;N;Corse_H4;7
810;F89-13-46-b2_H4_2013_N_E1;NA;interpop;N;Corse_H4;7
811;F89-13-46-b2_H4_2013_N_E1;NA;interpop;N;Corse_H4;7
812;F89-13-46-b2_H4_2013_N_E1;NA;interpop;N;Corse_H4;7
813;F89-13-46-b2_H4_2013_N_E1;NA;interpop;N;Corse_H4;7
814;F89-13-46-b2_H4_2013_N_E1;NA;interpop;N;Corse_H4;7
815;F89-13-46-b2_H4_2013_N_E1;NA;interpop;N;Corse_H4;6
816;F89-13-46-b2_H4_2013_N_E1;NA;interpop;N;Corse_H4;6
817;F89-13-46-b2_H4_2013_N_E1;NA;interpop;N;Corse_H4;7
818;F89-13-46-b2_H4_2013_N_E1;NA;interpop;N;Corse_H4;7
819;F89-13-46-b2_H4_2013_N_E1;NA;interpop;N;Corse_H4;6
820;F89-13-46-b2_H4_2013_N_E1;NA;interpop;N;Corse_H4;6
821;F89-13-46-b2_H4_2013_N_E1;NA;interpop;N;Corse_H4;8
822;F89-13-46-b2_H4_2013_N_E1;NA;interpop;N;Corse_H4;8
823;F89-13-46-b2_H4_2013_N_E1;NA;interpop;N;Corse_H4;7
824;F89-13-46-b2_H4_2013_N_E1;NA;interpop;N;Corse_H4;7
825;F89-13-46-b2_H4_2013_N_E1;NA;interpop;N;Corse_H4;6
826;F89-13-46-b2_H4_2013_N_E1;NA;interpop;N;Corse_H4;5
827;F89-13-46-b2_H4_2013_N_E1;NA;interpop;N;Corse_H4;4
828;F89-13-46-b2_H4_2013_N_E1;NA;interpop;N;Corse_H4;5
829;F89-13-46-b2_H4_2013_N_E1;NA;interpop;N;Corse_H4;4
830;L1086_Na121_H4_N_E3;NA;interpop;N;Narbonne_H4;7
831;L1086_Na121_H4_N_E3;NA;interpop;N;Narbonne_H4;7
832;L1086_Na121_H4_N_E3;NA;interpop;N;Narbonne_H4;8
833;L1086_Na121_H4_N_E3;NA;interpop;N;Narbonne_H4;8
834;L1086_Na121_H4_N_E3;NA;interpop;N;Narbonne_H4;6
835;L1086_Na121_H4_N_E3;NA;interpop;N;Narbonne_H4;8
836;L1086_Na121_H4_N_E3;NA;interpop;N;Narbonne_H4;8
837;L1086_Na121_H4_N_E3;NA;interpop;N;Narbonne_H4;7
838;L1086_Na121_H4_N_E3;NA;interpop;N;Narbonne_H4;7
839;L1086_Na121_H4_N_E3;NA;interpop;N;Narbonne_H4;6
840;L1086_Na121_H4_N_E3;NA;interpop;N;Narbonne_H4;7
841;L1086_Na121_H4_N_E3;NA;interpop;N;Narbonne_H4;7
842;L1086_Na121_H4_N_E3;NA;interpop;N;Narbonne_H4;5
843;L1086_Na121_H4_N_E3;NA;interpop;N;Narbonne_H4;5
844;L1086_Na121_H4_N_E3;NA;interpop;N;Narbonne_H4;4
845;L1086_Na121_H4_N_E3;NA;interpop;N;Narbonne_H4;6
846;L1086_Na121_H4_N_E3;NA;interpop;N;Narbonne_H4;6
847;L1086_Na121_H4_N_E3;NA;interpop;N;Narbonne_H4;7
848;L1086_Na121_H4_N_E3;NA;interpop;N;Narbonne_H4;7
849;L1086_Na121_H4_N_E3;NA;interpop;N;Narbonne_H4;8
850;L1086_Na121_H4_N_E3;NA;interpop;N;Narbonne_H4;8
851;L1086_Na121_H4_N_E3;NA;interpop;N;Narbonne_H4;6
852;L1086_Na121_H4_N_E3;NA;interpop;N;Narbonne_H4;6
853;L1107_Na234_H2_N_E4;NA;interpop;N;Narbonne_H2;6
854;L1107_Na234_H2_N_E4;NA;interpop;N;Narbonne_H2;6
855;L1105_Na21_H2_N_E5;NA;interpop;N;Narbonne_H2;7
856;L1105_Na21_H2_N_E5;NA;interpop;N;Narbonne_H2;7
857;L1105_Na21_H2_N_E5;NA;interpop;N;Narbonne_H2;5
858;L1105_Na21_H2_N_E5;NA;interpop;N;Narbonne_H2;5
859;L1105_Na21_H2_N_E5;NA;interpop;N;Narbonne_H2;6
860;L1105_Na21_H2_N_E5;NA;interpop;N;Narbonne_H2;5
861;L1105_Na21_H2_N_E5;NA;interpop;N;Narbonne_H2;4
862;Inconnu?_N_F0;NA;interpop;N;NA;2
863;L1119_Na545_H50_N_F3;NA;interpop;N;Narbonne_H50;3
864;L1123_Na632_H8_P_B2;NA;interpop;P;Narbonne_H8;6
865;L1123_Na632_H8_P_B2;NA;interpop;P;Narbonne_H8;2
866;L1090_Na136_H1_P_C1;NA;interpop;P;Narbonne_H1;6
867;L1090_Na136_H1_P_C1;NA;interpop;P;Narbonne_H1;7
868;L1090_Na136_H1_P_C1;NA;interpop;P;Narbonne_H1;7
869;L1105_Na21_H2_P_CC3;NA;interpop;P;Narbonne_H2;5
870;L1105_Na21_H2_P_CC3;NA;interpop;P;Narbonne_H2;4
871;L1105_Na21_H2_P_CC3;NA;interpop;P;Narbonne_H2;5
872;L1105_Na21_H2_P_CC3;NA;interpop;P;Narbonne_H2;5
873;L1105_Na21_H2_P_CC3;NA;interpop;P;Narbonne_H2;7
874;L1105_Na21_H2_P_CC3;NA;interpop;P;Narbonne_H2;7
875;L1105_Na21_H2_P_CC3;NA;interpop;P;Narbonne_H2;5
876;F89-13-156-p2_H5_P_E2;NA;interpop;P;Corse_H5;7
877;F89-13-156-p2_H5_P_E2;NA;interpop;P;Corse_H5;7
878;F89-13-156-p2_H5_P_E2;NA;interpop;P;Corse_H5;1
879;F89-13-156-p2_H5_P_E2;NA;interpop;P;Corse_H5;4
880;L1107_Na234_H2_P_E4;NA;interpop;P;Narbonne_H2;7
881;L1107_Na234_H2_P_E4;NA;interpop;P;Narbonne_H2;7
882;L1107_Na234_H2_P_E4;NA;interpop;P;Narbonne_H2;6
883;L1107_Na234_H2_P_E4;NA;interpop;P;Narbonne_H2;7
884;L1107_Na234_H2_P_E4;NA;interpop;P;Narbonne_H2;7
885;L1107_Na234_H2_P_E4;NA;interpop;P;Narbonne_H2;4
886;L1107_Na234_H2_P_E4;NA;interpop;P;Narbonne_H2;7
887;L1107_Na234_H2_P_E4;NA;interpop;P;Narbonne_H2;7
888;L1107_Na234_H2_P_E4;NA;interpop;P;Narbonne_H2;5
889;L1107_Na234_H2_P_E4;NA;interpop;P;Narbonne_H2;7
890;L1107_Na234_H2_P_E4;NA;interpop;P;Narbonne_H2;7
891;L1107_Na234_H2_P_E4;NA;interpop;P;Narbonne_H2;6
892;F89-13-155-p2_H1_P_EE1;NA;interpop;P;Corse_H1;8
893;F89-13-155-p2_H1_P_EE1;NA;interpop;P;Corse_H1;8
894;L1090_Na136_H1_B_E3;NA;interpop;B;Narbonne_H1;6
895;L1090_Na136_H1_B_E5;NA;interpop;B;Narbonne_H1;7
896;L1090_Na136_H1_B_E5;NA;interpop;B;Narbonne_H1;7
897;L1090_Na136_H1_B_E5;NA;interpop;B;Narbonne_H1;6
898;L1096b_Na156_H4_B_E6;NA;interpop;B;Narbonne_H4;7
899;L1096b_Na156_H4_B_E6;NA;interpop;B;Narbonne_H4;7
900;L1096b_Na156_H4_B_E6;NA;interpop;B;Narbonne_H4;7
901;L1096b_Na156_H4_B_E6;NA;interpop;B;Narbonne_H4;7
902;L1096b_Na156_H4_B_E6;NA;interpop;B;Narbonne_H4;8
903;L1096b_Na156_H4_B_E6;NA;interpop;B;Narbonne_H4;8
904;L1096b_Na156_H4_B_E6;NA;interpop;B;Narbonne_H4;8
905;L1096b_Na156_H4_B_E6;NA;interpop;B;Narbonne_H4;8
906;L1096b_Na156_H4_B_E6;NA;interpop;B;Narbonne_H4;7
907;L1096b_Na156_H4_B_E6;NA;interpop;B;Narbonne_H4;7
908;L1096b_Na156_H4_B_E6;NA;interpop;B;Narbonne_H4;2
909;L1096b_Na156_H4_B_E6;NA;interpop;B;Narbonne_H4;3
910;L1109_Na314_H5_B_EE1;NA;interpop;B;Narbonne_H5;7
911;L1109_Na314_H5_B_EE1;NA;interpop;B;Narbonne_H5;7
912;L1109_Na314_H5_B_EE1;NA;interpop;B;Narbonne_H5;7
913;L1109_Na314_H5_B_EE1;NA;interpop;B;Narbonne_H5;7
914;L1109_Na314_H5_B_EE1;NA;interpop;B;Narbonne_H5;2
915;L1109_Na314_H5_B_EE1;NA;interpop;B;Narbonne_H5;4
916;ESP-163-2009-08_H2_B_F3;NA;interpop;B;Espagne_H2;8
917;ESP-163-2009-08_H2_B_F3;NA;interpop;B;Espagne_H2;8
918;ESP-163-2009-08_H2_B_F3;NA;interpop;B;Espagne_H2;8
919;ESP-163-2009-08_H2_B_F3;NA;interpop;B;Espagne_H2;8
920;ESP-163-2009-08_H2_B_F3;NA;interpop;B;Espagne_H2;7
921;ESP-163-2009-08_H2_B_F3;NA;interpop;B;Espagne_H2;7
922;ESP-163-2009-08_H2_B_F3;NA;interpop;B;Espagne_H2;9
923;ESP-163-2009-08_H2_B_F3;NA;interpop;B;Espagne_H2;9
924;ESP-163-2009-08_H2_B_F3;NA;interpop;B;Espagne_H2;9
925;ESP-163-2009-08_H2_B_F3;NA;interpop;B;Espagne_H2;9
926;ESP-163-2009-08_H2_B_F3;NA;interpop;B;Espagne_H2;7
927;ESP-163-2009-08_H2_B_F3;NA;interpop;B;Espagne_H2;7
928;ESP-163-2009-08_H2_B_F3;NA;interpop;B;Espagne_H2;5
929;ESP-163-2009-08_H2_B_F3;NA;interpop;B;Espagne_H2;1
930;ESP-163-2009-08_H2_B_F3;NA;interpop;B;Espagne_H2;3
931;F89-13-46-b2_H4_2013_B_F6;NA;interpop;B;Corse_H4;7
932;F89-13-46-b2_H4_2013_B_F6;NA;interpop;B;Corse_H4;7
933;Inconnu?_E_A12;NA;interpop;E;NA;6
934;Inconnu?_E_A12;NA;interpop;E;NA;6
935;Inconnu?_E_A12;NA;interpop;E;NA;3
936;Inconnu?_E_A12;NA;interpop;E;NA;7
937;Inconnu?_E_A12;NA;interpop;E;NA;7
938;Inconnu?_E_A12;NA;interpop;E;NA;3
939;Inconnu?_E_A12;NA;interpop;E;NA;6
940;Inconnu?_E_A12;NA;interpop;E;NA;6
941;Inconnu?_E_A12;NA;interpop;E;NA;4
942;Inconnu?_E_A12;NA;interpop;E;NA;4
943;Inconnu?_E_A12;NA;interpop;E;NA;5
944;F89-13-46-b2_H4_2013_E_A2;NA;interpop;E;Corse_H4;5
945;F89-13-46-b2_H4_2013_E_A2;NA;interpop;E;Corse_H4;4
946;L1125_Na657_H8_E_A3;NA;interpop;E;Narbonne_H8;6
947;F89-13-156-p2_H5_E_A6;NA;interpop;E;Corse_H5;6
948;F89-13-156-p2_H5_E_A6;NA;interpop;E;Corse_H5;2
949;F89-13-156-p2_H5_E_A6;NA;interpop;E;Corse_H5;5
950;F89-13-42-b2_H4_2013_E_B2;NA;interpop;E;Corse_H4;8
951;F89-13-42-b2_H4_2013_E_B2;NA;interpop;E;Corse_H4;8
952;F89-13-42-b2_H4_2013_E_B2;NA;interpop;E;Corse_H4;6
953;F89-13-42-b2_H4_2013_E_B2;NA;interpop;E;Corse_H4;6
954;F89-13-42-b2_H4_2013_E_B2;NA;interpop;E;Corse_H4;7
955;F89-13-42-b2_H4_2013_E_B2;NA;interpop;E;Corse_H4;7
956;F89-13-42-b2_H4_2013_E_B2;NA;interpop;E;Corse_H4;3
957;F89-13-155-p2_H1_E_CC3;NA;interpop;E;Corse_H1;7
958;F89-13-155-p2_H1_E_CC3;NA;interpop;E;Corse_H1;7
959;F89-13-155-p2_H1_E_CC3;NA;interpop;E;Corse_H1;6
960;F89-13-155-p2_H1_E_CC3;NA;interpop;E;Corse_H1;3
961;F89-13-155-p2_H1_E_CC5;NA;interpop;E;Corse_H1;6
962;L1119_Na545_H50_E_D1;NA;interpop;E;Narbonne_H50;6
963;L1119_Na545_H50_E_D1;NA;interpop;E;Narbonne_H50;6
964;L1119_Na545_H50_E_D1;NA;interpop;E;Narbonne_H50;7
965;L1119_Na545_H50_E_D1;NA;interpop;E;Narbonne_H50;7
966;L1119_Na545_H50_E_D1;NA;interpop;E;Narbonne_H50;6
967;L1119_Na545_H50_E_D1;NA;interpop;E;Narbonne_H50;8
968;L1119_Na545_H50_E_D1;NA;interpop;E;Narbonne_H50;8
969;L1119_Na545_H50_E_D1;NA;interpop;E;Narbonne_H50;5
970;L1119_Na545_H50_E_D1;NA;interpop;E;Narbonne_H50;7
971;L1119_Na545_H50_E_D1;NA;interpop;E;Narbonne_H50;7
972;L1119_Na545_H50_E_D1;NA;interpop;E;Narbonne_H50;8
973;L1119_Na545_H50_E_D1;NA;interpop;E;Narbonne_H50;8
974;L1119_Na545_H50_E_D1;NA;interpop;E;Narbonne_H50;6
975;L1119_Na545_H50_E_D1;NA;interpop;E;Narbonne_H50;7
976;L1119_Na545_H50_E_D1;NA;interpop;E;Narbonne_H50;7
977;L1119_Na545_H50_E_D1;NA;interpop;E;Narbonne_H50;5
978;L1119_Na545_H50_E_D1;NA;interpop;E;Narbonne_H50;2
979;L1119_Na545_H50_E_D1;NA;interpop;E;Narbonne_H50;2
980;L1119_Na545_H50_E_D1;NA;interpop;E;Narbonne_H50;5
981;L1119_Na545_H50_E_D1;NA;interpop;E;Narbonne_H50;7
982;L1119_Na545_H50_E_D1;NA;interpop;E;Narbonne_H50;7
983;L1119_Na545_H50_E_D1;NA;interpop;E;Narbonne_H50;8
984;L1119_Na545_H50_E_D1;NA;interpop;E;Narbonne_H50;8
985;L1119_Na545_H50_E_D1;NA;interpop;E;Narbonne_H50;8
986;L1119_Na545_H50_E_D1;NA;interpop;E;Narbonne_H50;8
987;L1086_Na121_H4_E_D2;NA;interpop;E;Narbonne_H4;8
988;L1086_Na121_H4_E_D2;NA;interpop;E;Narbonne_H4;8
989;L1086_Na121_H4_E_D2;NA;interpop;E;Narbonne_H4;5
990;ESP-163-2009-01_H3_E_D3;NA;interpop;E;Espagne_H3;7
991;ESP-163-2009-01_H3_E_D3;NA;interpop;E;Espagne_H3;7
992;ESP-163-2009-01_H3_E_D3;NA;interpop;E;Espagne_H3;8
993;ESP-163-2009-01_H3_E_D3;NA;interpop;E;Espagne_H3;8
994;ESP-163-2009-01_H3_E_D3;NA;interpop;E;Espagne_H3;8
995;ESP-163-2009-01_H3_E_D3;NA;interpop;E;Espagne_H3;8
996;ESP-163-2009-01_H3_E_D3;NA;interpop;E;Espagne_H3;9
997;ESP-163-2009-01_H3_E_D3;NA;interpop;E;Espagne_H3;9
998;ESP-163-2009-01_H3_E_D3;NA;interpop;E;Espagne_H3;7
999;ESP-163-2009-01_H3_E_D3;NA;interpop;E;Espagne_H3;7
1000;ESP-163-2009-01_H3_E_D3;NA;interpop;E;Espagne_H3;8
1001;ESP-163-2009-01_H3_E_D3;NA;interpop;E;Espagne_H3;8
1002;ESP-163-2009-01_H3_E_D3;NA;interpop;E;Espagne_H3;8
1003;ESP-163-2009-01_H3_E_D3;NA;interpop;E;Espagne_H3;8
1004;ESP-163-2009-01_H3_E_D3;NA;interpop;E;Espagne_H3;7
1005;ESP-163-2009-01_H3_E_D3;NA;interpop;E;Espagne_H3;7
1006;ESP-163-2009-01_H3_E_D3;NA;interpop;E;Espagne_H3;9
1007;ESP-163-2009-01_H3_E_D3;NA;interpop;E;Espagne_H3;9
1008;ESP-163-2009-01_H3_E_D3;NA;interpop;E;Espagne_H3;7
1009;ESP-163-2009-01_H3_E_D3;NA;interpop;E;Espagne_H3;7
1010;ESP-163-2009-01_H3_E_D3;NA;interpop;E;Espagne_H3;6
1011;ESP-163-2009-01_H3_E_D3;NA;interpop;E;Espagne_H3;7
1012;ESP-163-2009-01_H3_E_D3;NA;interpop;E;Espagne_H3;7
1013;ESP-163-2009-01_H3_E_D3;NA;interpop;E;Espagne_H3;6
1014;L1119_Na545_H50_E_D4;NA;interpop;E;Narbonne_H50;7
1015;L1119_Na545_H50_E_D4;NA;interpop;E;Narbonne_H50;7
1016;L1119_Na545_H50_E_D4;NA;interpop;E;Narbonne_H50;7
1017;L1119_Na545_H50_E_D4;NA;interpop;E;Narbonne_H50;7
1018;L1119_Na545_H50_E_D4;NA;interpop;E;Narbonne_H50;6
1019;L1119_Na545_H50_E_D4;NA;interpop;E;Narbonne_H50;7
1020;L1119_Na545_H50_E_D4;NA;interpop;E;Narbonne_H50;7
1021;L1119_Na545_H50_E_D4;NA;interpop;E;Narbonne_H50;6
1022;L1119_Na545_H50_E_D4;NA;interpop;E;Narbonne_H50;7
1023;L1119_Na545_H50_E_D4;NA;interpop;E;Narbonne_H50;7
1024;L1119_Na545_H50_E_D4;NA;interpop;E;Narbonne_H50;6
1025;L1119_Na545_H50_E_D4;NA;interpop;E;Narbonne_H50;8
1026;L1119_Na545_H50_E_D4;NA;interpop;E;Narbonne_H50;8
1027;L1119_Na545_H50_E_D4;NA;interpop;E;Narbonne_H50;6
1028;L1119_Na545_H50_E_D4;NA;interpop;E;Narbonne_H50;5
1029;L1119_Na545_H50_E_D4;NA;interpop;E;Narbonne_H50;5
1030;L1119_Na545_H50_E_D4;NA;interpop;E;Narbonne_H50;4
1031;L1090_Na136_H1_E_E2;NA;interpop;E;Narbonne_H1;8
1032;L1090_Na136_H1_E_E2;NA;interpop;E;Narbonne_H1;8
1033;L1090_Na136_H1_E_E2;NA;interpop;E;Narbonne_H1;8
1034;L1090_Na136_H1_E_E2;NA;interpop;E;Narbonne_H1;8
1035;L1090_Na136_H1_E_E2;NA;interpop;E;Narbonne_H1;5
1036;L1090_Na136_H1_E_E2;NA;interpop;E;Narbonne_H1;3
1037;L1090_Na136_H1_E_E2;NA;interpop;E;Narbonne_H1;6
1038;L1096b_Na156_H4_E_E4;NA;interpop;E;Narbonne_H4;6
1039;L1096b_Na156_H4_E_E4;NA;interpop;E;Narbonne_H4;6
1040;L1096b_Na156_H4_E_E4;NA;interpop;E;Narbonne_H4;5
1041;L1096b_Na156_H4_E_EE1;NA;interpop;E;Narbonne_H4;8
1042;L1096b_Na156_H4_E_EE1;NA;interpop;E;Narbonne_H4;8
1043;L1096b_Na156_H4_E_EE1;NA;interpop;E;Narbonne_H4;7
1044;L1096b_Na156_H4_E_EE1;NA;interpop;E;Narbonne_H4;7
1045;L1096b_Na156_H4_E_EE1;NA;interpop;E;Narbonne_H4;4
1046;Inconnu?_E_EE5;NA;interpop;E;NA;7
1047;Inconnu?_E_EE5;NA;interpop;E;NA;7
1048;Inconnu?_E_EE5;NA;interpop;E;NA;6
1049;Inconnu?_E_EE5;NA;interpop;E;NA;7
1050;Inconnu?_E_EE5;NA;interpop;E;NA;7
1051;L1110b_Na326_H5_E_F3;NA;interpop;E;Narbonne_H5;8
1052;L1110b_Na326_H5_E_F3;NA;interpop;E;Narbonne_H5;8
1053;L1110b_Na326_H5_E_F3;NA;interpop;E;Narbonne_H5;6
1054;L1110b_Na326_H5_E_F3;NA;interpop;E;Narbonne_H5;2
1055;F89-13-46-b2_H4_2013_I_A1;NA;interpop;I;Corse_H4;9
1056;F89-13-46-b2_H4_2013_I_A1;NA;interpop;I;Corse_H4;9
1057;F89-13-156-p2_H5_I_A2;NA;interpop;I;Corse_H5;7
1058;F89-13-156-p2_H5_I_A2;NA;interpop;I;Corse_H5;7
1059;F89-13-156-p2_H5_I_A2;NA;interpop;I;Corse_H5;7
1060;F89-13-156-p2_H5_I_A2;NA;interpop;I;Corse_H5;7
1061;F89-13-156-p2_H5_I_A2;NA;interpop;I;Corse_H5;5
1062;L1123_Na632_H8_I_A5;NA;interpop;I;Narbonne_H8;7
1063;L1123_Na632_H8_I_A5;NA;interpop;I;Narbonne_H8;7
1064;L1123_Na632_H8_I_A5;NA;interpop;I;Narbonne_H8;7
1065;L1123_Na632_H8_I_A5;NA;interpop;I;Narbonne_H8;7
1066;L1123_Na632_H8_I_A5;NA;interpop;I;Narbonne_H8;6
1067;L1123_Na632_H8_I_A5;NA;interpop;I;Narbonne_H8;7
1068;L1123_Na632_H8_I_A5;NA;interpop;I;Narbonne_H8;7
1069;L1123_Na632_H8_I_A5;NA;interpop;I;Narbonne_H8;6
1070;L1105_Na21_H2_I_A6;NA;interpop;I;Narbonne_H2;7
1071;L1105_Na21_H2_I_A6;NA;interpop;I;Narbonne_H2;7
1072;L1105_Na21_H2_I_A6;NA;interpop;I;Narbonne_H2;9
1073;L1105_Na21_H2_I_A6;NA;interpop;I;Narbonne_H2;9
1074;L1086_Na121_H4_N_E3;NA;interpop;N;Narbonne_H4;3
1075;L1086_Na121_H4_N_E3;NA;interpop;N;Narbonne_H4;4
1076;L1086_Na121_H4_N_E3;NA;interpop;N;Narbonne_H4;5
1077;L1086_Na121_H4_N_E3;NA;interpop;N;Narbonne_H4;4
1078;L1086_Na121_H4_N_E3;NA;interpop;N;Narbonne_H4;5
1079;L1086_Na121_H4_N_E3;NA;interpop;N;Narbonne_H4;7
1080;L1086_Na121_H4_N_E3;NA;interpop;N;Narbonne_H4;7
1081;L1086_Na121_H4_N_E3;NA;interpop;N;Narbonne_H4;5
1082;L1107_Na234_H2_N_E4;NA;interpop;N;Narbonne_H2;6
1083;L1105_Na21_H2_N_E5;NA;interpop;N;Narbonne_H2;6
1084;L1105_Na21_H2_N_E5;NA;interpop;N;Narbonne_H2;6
1085;L1105_Na21_H2_N_E5;NA;interpop;N;Narbonne_H2;6
1086;L1105_Na21_H2_N_E5;NA;interpop;N;Narbonne_H2;6
1087;L1105_Na21_H2_N_E5;NA;interpop;N;Narbonne_H2;7
1088;L1105_Na21_H2_N_E5;NA;interpop;N;Narbonne_H2;7
1089;L1105_Na21_H2_N_E5;NA;interpop;N;Narbonne_H2;5
1090;L1119_Na545_H50_N_F3;NA;interpop;N;Narbonne_H50;5
1091;L1123_Na632_H8_P_B2;NA;interpop;P;Narbonne_H8;6
1092;L1123_Na632_H8_P_B2;NA;interpop;P;Narbonne_H8;5
1093;L1090_Na136_H1_P_C1;NA;interpop;P;Narbonne_H1;8
1094;L1090_Na136_H1_P_C1;NA;interpop;P;Narbonne_H1;8
1095;L1090_Na136_H1_P_C1;NA;interpop;P;Narbonne_H1;9
1096;L1090_Na136_H1_P_C1;NA;interpop;P;Narbonne_H1;9
1097;L1090_Na136_H1_P_C1;NA;interpop;P;Narbonne_H1;6
1098;L1105_Na21_H2_P_CC3;NA;interpop;P;Narbonne_H2;7
1099;L1105_Na21_H2_P_CC3;NA;interpop;P;Narbonne_H2;7
1100;L1105_Na21_H2_P_CC3;NA;interpop;P;Narbonne_H2;7
1101;L1105_Na21_H2_P_CC3;NA;interpop;P;Narbonne_H2;7
1102;L1105_Na21_H2_P_CC3;NA;interpop;P;Narbonne_H2;5
1103;L1105_Na21_H2_P_CC3;NA;interpop;P;Narbonne_H2;7
1104;L1105_Na21_H2_P_CC3;NA;interpop;P;Narbonne_H2;7
1105;L1105_Na21_H2_P_CC3;NA;interpop;P;Narbonne_H2;4
1106;L1105_Na21_H2_P_CC3;NA;interpop;P;Narbonne_H2;3
1107;L1105_Na21_H2_P_CC3;NA;interpop;P;Narbonne_H2;3
1108;F89-13-156-p2_H5_P_E2;NA;interpop;P;Corse_H5;8
1109;F89-13-156-p2_H5_P_E2;NA;interpop;P;Corse_H5;8
1110;F89-13-156-p2_H5_P_E2;NA;interpop;P;Corse_H5;5
1111;L1107_Na234_H2_P_E4;NA;interpop;P;Narbonne_H2;7
1112;L1107_Na234_H2_P_E4;NA;interpop;P;Narbonne_H2;7
1113;L1107_Na234_H2_P_E4;NA;interpop;P;Narbonne_H2;7
1114;L1107_Na234_H2_P_E4;NA;interpop;P;Narbonne_H2;7
1115;L1107_Na234_H2_P_E4;NA;interpop;P;Narbonne_H2;6
1116;L1107_Na234_H2_P_E4;NA;interpop;P;Narbonne_H2;6
1117;L1107_Na234_H2_P_E4;NA;interpop;P;Narbonne_H2;4
1118;L1107_Na234_H2_P_E4;NA;interpop;P;Narbonne_H2;7
1119;L1107_Na234_H2_P_E4;NA;interpop;P;Narbonne_H2;7
1120;L1107_Na234_H2_P_E4;NA;interpop;P;Narbonne_H2;6
1121;L1107_Na234_H2_P_E4;NA;interpop;P;Narbonne_H2;7
1122;L1107_Na234_H2_P_E4;NA;interpop;P;Narbonne_H2;7
1123;L1107_Na234_H2_P_E4;NA;interpop;P;Narbonne_H2;7
1124;L1107_Na234_H2_P_E4;NA;interpop;P;Narbonne_H2;7
1125;F89-13-155-p2_H1_P_EE1;NA;interpop;P;Corse_H1;5
1126;L1105_Na21_H2_I_A6;NA;interpop;I;Narbonne_H2;9
1127;L1105_Na21_H2_I_A6;NA;interpop;I;Narbonne_H2;9
1128;L1105_Na21_H2_I_A6;NA;interpop;I;Narbonne_H2;4
1129;L1105_Na21_H2_I_A6;NA;interpop;I;Narbonne_H2;6
1130;L1105_Na21_H2_I_A6;NA;interpop;I;Narbonne_H2;8
1131;L1105_Na21_H2_I_A6;NA;interpop;I;Narbonne_H2;8
1132;L1105_Na21_H2_I_A6;NA;interpop;I;Narbonne_H2;7
1133;L1105_Na21_H2_I_A6;NA;interpop;I;Narbonne_H2;7
1134;L1107_Na234_H2_I_AA5;NA;interpop;I;Narbonne_H2;5
1135;L1107_Na234_H2_I_AA5;NA;interpop;I;Narbonne_H2;4
1136;F89-13-156-p2_H5_I_B6;NA;interpop;I;Corse_H5;6
1137;L1090_Na136_H1_I_C5;NA;interpop;I;Narbonne_H1;8
1138;L1090_Na136_H1_I_C5;NA;interpop;I;Narbonne_H1;8
1139;L1090_Na136_H1_I_C5;NA;interpop;I;Narbonne_H1;5
1140;L1090_Na136_H1_I_C5;NA;interpop;I;Narbonne_H1;1
1141;L1130_Na1028_H1_I_CC5;NA;interpop;I;Narbonne_H1;6
1142;L1130_Na1028_H1_I_CC5bis;NA;interpop;I;Narbonne_H1;6
1143;L1130_Na1028_H1_I_CC5bis;NA;interpop;I;Narbonne_H1;6
1145;F89-13-101-r2_H1_I_D4;NA;interpop;I;Corse_H1;8
1146;F89-13-101-r2_H1_I_D4;NA;interpop;I;Corse_H1;8
1147;F89-13-156-p2_H5_I_E1;NA;interpop;I;Corse_H5;7
1148;F89-13-156-p2_H5_I_E1;NA;interpop;I;Corse_H5;7
1149;F89-13-156-p2_H5_I_E1;NA;interpop;I;Corse_H5;7
1150;F89-13-156-p2_H5_I_E1;NA;interpop;I;Corse_H5;7
1151;F89-13-155-p2_H1_I_E3;NA;interpop;I;Corse_H1;7
1152;F89-13-155-p2_H1_I_E3;NA;interpop;I;Corse_H1;7
1153;F89-13-155-p2_H1_I_E3;NA;interpop;I;Corse_H1;9
1154;F89-13-155-p2_H1_I_E3;NA;interpop;I;Corse_H1;9
1155;F89-13-155-p2_H1_I_E3;NA;interpop;I;Corse_H1;7
1156;F89-13-155-p2_H1_I_E3;NA;interpop;I;Corse_H1;7
1157;F89-13-155-p2_H1_I_E3;NA;interpop;I;Corse_H1;7
1158;F89-13-155-p2_H1_I_E3;NA;interpop;I;Corse_H1;7
1159;F89-13-155-p2_H1_I_E3;NA;interpop;I;Corse_H1;8
1160;F89-13-155-p2_H1_I_E3;NA;interpop;I;Corse_H1;8
1161;F89-13-155-p2_H1_I_E3;NA;interpop;I;Corse_H1;7
1162;F89-13-155-p2_H1_I_E3;NA;interpop;I;Corse_H1;7
1163;F89-13-155-p2_H1_I_E3;NA;interpop;I;Corse_H1;8
1164;F89-13-155-p2_H1_I_E3;NA;interpop;I;Corse_H1;8
1165;F89-13-155-p2_H1_I_E3;NA;interpop;I;Corse_H1;7
1166;F89-13-155-p2_H1_I_E3;NA;interpop;I;Corse_H1;7
1167;F89-13-155-p2_H1_I_E3;NA;interpop;I;Corse_H1;7
1168;F89-13-155-p2_H1_I_E3;NA;interpop;I;Corse_H1;7
1169;F89-13-155-p2_H1_I_E3;NA;interpop;I;Corse_H1;7
1170;F89-13-155-p2_H1_I_E3;NA;interpop;I;Corse_H1;7
1171;L1110b_Na326_H5_I_E5;NA;interpop;I;Narbonne_H5;5
1172;L1110b_Na326_H5_I_E5;NA;interpop;I;Narbonne_H5;7
1173;L1110b_Na326_H5_I_E5;NA;interpop;I;Narbonne_H5;7
1174;L1110b_Na326_H5_I_E5;NA;interpop;I;Narbonne_H5;6
1175;F89-13-101-r2_H1_I_EE1;NA;interpop;I;Corse_H1;8
1176;F89-13-101-r2_H1_I_EE1;NA;interpop;I;Corse_H1;8
1177;F89-13-101-r2_H1_I_EE1;NA;interpop;I;Corse_H1;6
1178;F89-13-101-r2_H1_I_EE1;NA;interpop;I;Corse_H1;6
1179;L1110b_Na326_H5_I_EE3;NA;interpop;I;Narbonne_H5;7
1180;L1110b_Na326_H5_I_EE3;NA;interpop;I;Narbonne_H5;7
1181;L1110b_Na326_H5_I_EE3;NA;interpop;I;Narbonne_H5;8
1182;L1110b_Na326_H5_I_EE3;NA;interpop;I;Narbonne_H5;8
1183;L1130_Na1028_H1_I_F5;NA;interpop;I;Narbonne_H1;8
1184;L1130_Na1028_H1_I_F5;NA;interpop;I;Narbonne_H1;8
1185;L1130_Na1028_H1_I_F5;NA;interpop;I;Narbonne_H1;8
1186;L1130_Na1028_H1_I_F5;NA;interpop;I;Narbonne_H1;8
1187;L1130_Na1028_H1_I_F5;NA;interpop;I;Narbonne_H1;7
1188;L1130_Na1028_H1_I_F5;NA;interpop;I;Narbonne_H1;7
1189;L1130_Na1028_H1_I_F5;NA;interpop;I;Narbonne_H1;5
1190;F89-13-156-p2_H5_J_A1;NA;interpop;J;Corse_H5;7
1191;F89-13-156-p2_H5_J_A1;NA;interpop;J;Corse_H5;7
1192;F89-13-156-p2_H5_J_A1;NA;interpop;J;Corse_H5;7
1193;F89-13-156-p2_H5_J_A1;NA;interpop;J;Corse_H5;7
1194;F89-13-156-p2_H5_J_A1;NA;interpop;J;Corse_H5;5
1195;F89-13-156-p2_H5_J_A1;NA;interpop;J;Corse_H5;8
1196;F89-13-156-p2_H5_J_A1;NA;interpop;J;Corse_H5;8
1197;F89-13-156-p2_H5_J_A1;NA;interpop;J;Corse_H5;6
1198;F89-13-156-p2_H5_J_A1;NA;interpop;J;Corse_H5;8
1199;F89-13-156-p2_H5_J_A1;NA;interpop;J;Corse_H5;8
1200;F89-13-156-p2_H5_J_A1;NA;interpop;J;Corse_H5;8
1201;F89-13-156-p2_H5_J_A1;NA;interpop;J;Corse_H5;8
1202;F89-13-156-p2_H5_J_A1;NA;interpop;J;Corse_H5;6
1203;F89-13-156-p2_H5_J_A1;NA;interpop;J;Corse_H5;8
1204;F89-13-156-p2_H5_J_A1;NA;interpop;J;Corse_H5;8
1205;F89-13-156-p2_H5_J_A1;NA;interpop;J;Corse_H5;7
1206;F89-13-156-p2_H5_J_A1;NA;interpop;J;Corse_H5;7
1207;F89-13-156-p2_H5_J_A1;NA;interpop;J;Corse_H5;8
1208;F89-13-156-p2_H5_J_A1;NA;interpop;J;Corse_H5;8
1209;F89-13-156-p2_H5_J_A1;NA;interpop;J;Corse_H5;4
1210;F89-13-42-b2_H4_2013_J_A5;NA;interpop;J;Corse_H4;5
1211;F89-13-42-b2_H4_2013_J_A5;NA;interpop;J;Corse_H4;2
1212;F89-13-42-b2_H4_2013_J_A5;NA;interpop;J;Corse_H4;4
1213;F89-13-42-b2_H4_2013_J_A5;NA;interpop;J;Corse_H4;6
1214;F89-13-42-b2_H4_2013_J_A5;NA;interpop;J;Corse_H4;7
1215;F89-13-42-b2_H4_2013_J_A5;NA;interpop;J;Corse_H4;7
1216;F89-13-46-b2_H4_2013_J_A6;NA;interpop;J;Corse_H4;6
1217;F89-13-46-b2_H4_2013_J_A6;NA;interpop;J;Corse_H4;3
1218;L1130_Na1028_H1_J_B4;NA;interpop;J;Narbonne_H1;8
1219;L1130_Na1028_H1_J_B4;NA;interpop;J;Narbonne_H1;8
1220;L1130_Na1028_H1_J_B4;NA;interpop;J;Narbonne_H1;6
1221;L1130_Na1028_H1_J_B4;NA;interpop;J;Narbonne_H1;7
1222;L1130_Na1028_H1_J_B4;NA;interpop;J;Narbonne_H1;7
1223;L1130_Na1028_H1_J_B4;NA;interpop;J;Narbonne_H1;8
1224;L1130_Na1028_H1_J_B4;NA;interpop;J;Narbonne_H1;8
1225;L1130_Na1028_H1_J_B4;NA;interpop;J;Narbonne_H1;5
1226;L1130_Na1028_H1_J_B4;NA;interpop;J;Narbonne_H1;3
1227;L1086_Na121_H4_J_CC5;NA;interpop;J;Narbonne_H4;6
1228;L1086_Na121_H4_J_CC5;NA;interpop;J;Narbonne_H4;9
1229;L1086_Na121_H4_J_CC5;NA;interpop;J;Narbonne_H4;9
1230;L1086_Na121_H4_J_CC5;NA;interpop;J;Narbonne_H4;7
1231;L1086_Na121_H4_J_CC5;NA;interpop;J;Narbonne_H4;7
1232;L1086_Na121_H4_J_CC5;NA;interpop;J;Narbonne_H4;7
1233;L1086_Na121_H4_J_CC5;NA;interpop;J;Narbonne_H4;7
1234;L1086_Na121_H4_J_CC5;NA;interpop;J;Narbonne_H4;7
1235;L1086_Na121_H4_J_CC5;NA;interpop;J;Narbonne_H4;7
1236;L1086_Na121_H4_J_CC5;NA;interpop;J;Narbonne_H4;6
1237;F89-13-156-p2_H5_J_D1;NA;interpop;J;Corse_H5;7
1238;F89-13-156-p2_H5_J_D1;NA;interpop;J;Corse_H5;7
1239;F89-13-156-p2_H5_J_D1;NA;interpop;J;Corse_H5;5
1240;F89-13-155-p2_H1_J_E6;NA;interpop;J;Corse_H1;6
1241;F89-13-155-p2_H1_J_E6;NA;interpop;J;Corse_H1;6
1242;F89-13-155-p2_H1_J_E6;NA;interpop;J;Corse_H1;3
1243;F89-13-156-p2_H5_J_F2;NA;interpop;J;Corse_H5;5
1244;F89-13-156-p2_H5_J_F2;NA;interpop;J;Corse_H5;5
1245;ESP-163-2009-10_H2_N_A0;NA;interpop;N;Espagne_H2;3
1246;ESP-163-2009-10_H2_N_A1;NA;interpop;N;Espagne_H2;8
1247;ESP-163-2009-10_H2_N_A1;NA;interpop;N;Espagne_H2;8
1248;ESP-163-2009-10_H2_N_A1;NA;interpop;N;Espagne_H2;6
1249;ESP-163-2009-10_H2_N_A1;NA;interpop;N;Espagne_H2;8
1250;ESP-163-2009-10_H2_N_A1;NA;interpop;N;Espagne_H2;8
1251;ESP-163-2009-10_H2_N_A1;NA;interpop;N;Espagne_H2;5
1252;ESP-163-2009-10_H2_N_A1;NA;interpop;N;Espagne_H2;8
1253;ESP-163-2009-10_H2_N_A1;NA;interpop;N;Espagne_H2;8
1254;ESP-163-2009-10_H2_N_A1;NA;interpop;N;Espagne_H2;8
1255;ESP-163-2009-10_H2_N_A1;NA;interpop;N;Espagne_H2;8
1256;ESP-163-2009-10_H2_N_A1;NA;interpop;N;Espagne_H2;6
1257;ESP-163-2009-10_H2_N_A1;NA;interpop;N;Espagne_H2;5
1258;ESP-163-2009-10_H2_N_A1;NA;interpop;N;Espagne_H2;4
1259;ESP-163-2009-10_H2_N_A1;NA;interpop;N;Espagne_H2;2
1260;ESP-163-2009-10_H2_N_A1;NA;interpop;N;Espagne_H2;4
1261;ESP-163-2009-10_H2_N_A1;NA;interpop;N;Espagne_H2;5
1262;ESP-163-2009-10_H2_N_A1;NA;interpop;N;Espagne_H2;7
1263;ESP-163-2009-10_H2_N_A1;NA;interpop;N;Espagne_H2;7
1264;ESP-163-2009-10_H2_N_A1;NA;interpop;N;Espagne_H2;3
1265;ESP-163-2009-10_H2_N_A1;NA;interpop;N;Espagne_H2;8
1266;ESP-163-2009-10_H2_N_A1;NA;interpop;N;Espagne_H2;8
1267;ESP-163-2009-10_H2_N_A1;NA;interpop;N;Espagne_H2;8
1268;ESP-163-2009-10_H2_N_A1;NA;interpop;N;Espagne_H2;8
1269;ESP-163-2009-10_H2_N_A1;NA;interpop;N;Espagne_H2;6
1270;Inconnu?_N_A34;NA;interpop;N;NA;6
1271;Inconnu?_N_A34;NA;interpop;N;NA;4
1272;Inconnu?_N_A34;NA;interpop;N;NA;7
1273;Inconnu?_N_A34;NA;interpop;N;NA;7
1274;Inconnu?_N_A34;NA;interpop;N;NA;5
1275;Inconnu?_N_A5;NA;interpop;N;NA;2
1276;Inconnu?_N_A6;NA;interpop;N;NA;5
1277;Inconnu?_N_A6;NA;interpop;N;NA;2
1278;L1110b_Na326_H5_N_AA5;NA;interpop;N;Narbonne_H5;7
1279;L1110b_Na326_H5_N_AA5;NA;interpop;N;Narbonne_H5;7
1280;L1110b_Na326_H5_N_AA5;NA;interpop;N;Narbonne_H5;3
1281;L1110b_Na326_H5_N_AA5;NA;interpop;N;Narbonne_H5;3
1282;F89-13-156-p2_H5_N_B6;NA;interpop;N;Corse_H5;7
1283;F89-13-156-p2_H5_N_B6;NA;interpop;N;Corse_H5;7
1284;F89-13-101-r2_H1_N_C1;NA;interpop;N;Corse_H1;4
1285;L1130_Na1028_H1_N_C4;NA;interpop;N;Narbonne_H1;7
1286;L1130_Na1028_H1_N_C4;NA;interpop;N;Narbonne_H1;7
1287;L1130_Na1028_H1_N_C4;NA;interpop;N;Narbonne_H1;7
1288;L1130_Na1028_H1_N_C4;NA;interpop;N;Narbonne_H1;7
1289;L1130_Na1028_H1_N_C4;NA;interpop;N;Narbonne_H1;6
1290;L1130_Na1028_H1_N_C4;NA;interpop;N;Narbonne_H1;8
1291;L1130_Na1028_H1_N_C4;NA;interpop;N;Narbonne_H1;8
1292;L1130_Na1028_H1_N_C4;NA;interpop;N;Narbonne_H1;8
1293;L1130_Na1028_H1_N_C4;NA;interpop;N;Narbonne_H1;8
1294;L1130_Na1028_H1_N_C4;NA;interpop;N;Narbonne_H1;7
1295;L1130_Na1028_H1_N_C4;NA;interpop;N;Narbonne_H1;7
1296;L1130_Na1028_H1_N_C4;NA;interpop;N;Narbonne_H1;7
1297;L1130_Na1028_H1_N_C4;NA;interpop;N;Narbonne_H1;7
1298;L1130_Na1028_H1_N_C4;NA;interpop;N;Narbonne_H1;7
1299;L1130_Na1028_H1_N_C4;NA;interpop;N;Narbonne_H1;7
1300;L1130_Na1028_H1_N_C4;NA;interpop;N;Narbonne_H1;6
1301;L1130_Na1028_H1_N_C4;NA;interpop;N;Narbonne_H1;6
1302;L1130_Na1028_H1_N_C4;NA;interpop;N;Narbonne_H1;6
1303;L1130_Na1028_H1_N_C4;NA;interpop;N;Narbonne_H1;7
1304;L1130_Na1028_H1_N_C4;NA;interpop;N;Narbonne_H1;7
1305;L1130_Na1028_H1_N_C4;NA;interpop;N;Narbonne_H1;7
1306;L1130_Na1028_H1_N_C4;NA;interpop;N;Narbonne_H1;7
1307;L1130_Na1028_H1_N_C4;NA;interpop;N;Narbonne_H1;7
1308;L1130_Na1028_H1_N_C4;NA;interpop;N;Narbonne_H1;7
1309;L1130_Na1028_H1_N_C4;NA;interpop;N;Narbonne_H1;5
1310;L1130_Na1028_H1_N_C4;NA;interpop;N;Narbonne_H1;5
1311;L1130_Na1028_H1_N_C4;NA;interpop;N;Narbonne_H1;6
1312;L1130_Na1028_H1_N_C4;NA;interpop;N;Narbonne_H1;3
1313;L1130_Na1028_H1_N_C4;NA;interpop;N;Narbonne_H1;3
1314;L1130_Na1028_H1_N_C4;NA;interpop;N;Narbonne_H1;3
1315;F89-13-155-p2_H1_N_C6;NA;interpop;N;Corse_H1;2
1316;F89-13-155-p2_H1_N_C6;NA;interpop;N;Corse_H1;4
1317;F89-13-155-p2_H1_N_C6;NA;interpop;N;Corse_H1;5
1318;F89-13-155-p2_H1_N_C6;NA;interpop;N;Corse_H1;4
1319;F89-13-155-p2_H1_N_C6;NA;interpop;N;Corse_H1;5
1320;F89-13-155-p2_H1_N_C6;NA;interpop;N;Corse_H1;3
1321;L1110b_Na326_H5_N_CC1;NA;interpop;N;Narbonne_H5;5
1322;L1110b_Na326_H5_N_CC1;NA;interpop;N;Narbonne_H5;5
1323;L1110b_Na326_H5_N_CC1;NA;interpop;N;Narbonne_H5;5
1324;L1110b_Na326_H5_N_CC1;NA;interpop;N;Narbonne_H5;3
1325;L1125_Na657_H8_N_D1;NA;interpop;N;Narbonne_H8;5
1326;L1096b_Na156_H4_N_D6;NA;interpop;N;Narbonne_H4;5
1327;F89-13-46-b2_H4_2013_N_E1;NA;interpop;N;Corse_H4;7
1328;F89-13-46-b2_H4_2013_N_E1;NA;interpop;N;Corse_H4;7
1329;F89-13-46-b2_H4_2013_N_E1;NA;interpop;N;Corse_H4;8
1330;F89-13-46-b2_H4_2013_N_E1;NA;interpop;N;Corse_H4;8
1331;F89-13-46-b2_H4_2013_N_E1;NA;interpop;N;Corse_H4;8
1332;F89-13-46-b2_H4_2013_N_E1;NA;interpop;N;Corse_H4;8
1333;F89-13-46-b2_H4_2013_N_E1;NA;interpop;N;Corse_H4;7
1334;F89-13-46-b2_H4_2013_N_E1;NA;interpop;N;Corse_H4;7
1335;F89-13-46-b2_H4_2013_N_E1;NA;interpop;N;Corse_H4;5
1336;F89-13-46-b2_H4_2013_N_E1;NA;interpop;N;Corse_H4;7
1337;F89-13-46-b2_H4_2013_N_E1;NA;interpop;N;Corse_H4;7
1338;F89-13-46-b2_H4_2013_N_E1;NA;interpop;N;Corse_H4;6
1339;F89-13-46-b2_H4_2013_N_E1;NA;interpop;N;Corse_H4;3
1340;F89-13-46-b2_H4_2013_N_E1;NA;interpop;N;Corse_H4;7
1341;F89-13-46-b2_H4_2013_N_E1;NA;interpop;N;Corse_H4;7
1342;F89-13-46-b2_H4_2013_N_E1;NA;interpop;N;Corse_H4;7
1343;F89-13-46-b2_H4_2013_N_E1;NA;interpop;N;Corse_H4;7
1344;F89-13-46-b2_H4_2013_N_E1;NA;interpop;N;Corse_H4;7
1345;F89-13-46-b2_H4_2013_N_E1;NA;interpop;N;Corse_H4;7
1346;F89-13-46-b2_H4_2013_N_E1;NA;interpop;N;Corse_H4;7
1347;F89-13-46-b2_H4_2013_N_E1;NA;interpop;N;Corse_H4;7
1348;F89-13-46-b2_H4_2013_N_E1;NA;interpop;N;Corse_H4;4
1349;F89-13-46-b2_H4_2013_N_E1;NA;interpop;N;Corse_H4;5
1350;F89-13-46-b2_H4_2013_N_E1;NA;interpop;N;Corse_H4;6
1351;F89-13-46-b2_H4_2013_N_E1;NA;interpop;N;Corse_H4;2
1352;L1086_Na121_H4_N_E3;NA;interpop;N;Narbonne_H4;8
1353;L1086_Na121_H4_N_E3;NA;interpop;N;Narbonne_H4;8
1354;L1086_Na121_H4_N_E3;NA;interpop;N;Narbonne_H4;8
1355;L1086_Na121_H4_N_E3;NA;interpop;N;Narbonne_H4;8
1356;L1086_Na121_H4_N_E3;NA;interpop;N;Narbonne_H4;8
1357;L1086_Na121_H4_N_E3;NA;interpop;N;Narbonne_H4;8
1358;L1086_Na121_H4_N_E3;NA;interpop;N;Narbonne_H4;7
1359;L1086_Na121_H4_N_E3;NA;interpop;N;Narbonne_H4;7
1360;L1086_Na121_H4_N_E3;NA;interpop;N;Narbonne_H4;7
1361;L1086_Na121_H4_N_E3;NA;interpop;N;Narbonne_H4;7
1362;L1086_Na121_H4_N_E3;NA;interpop;N;Narbonne_H4;5
1363;L1086_Na121_H4_N_E3;NA;interpop;N;Narbonne_H4;3
1364;L1086_Na121_H4_N_E3;NA;interpop;N;Narbonne_H4;5
1365;L1086_Na121_H4_N_E3;NA;interpop;N;Narbonne_H4;6
1366;L1130_Na1028_H1_I_CC5bis;NA;interpop;I;Narbonne_H1;8
