IDBox;Viability;n;IDPod;Plant;UniqueGeno
1;2;5;1;L1109_Na314_H5 _3_4_A3;Narbonne_H5
2;0;3;2;L1105_Na21_H2 _3_4_D2;Narbonne_H2
3;4;5;3;L1110b_Na326_H5 _3_4_D3;Narbonne_H5
4;1;4;4;L1110b_Na326_H5 _3_4_D3;Narbonne_H5
5;1;5;5;L1110b_Na326_H5 _3_4_D3;Narbonne_H5
6;2;4;6;L1110b_Na326_H5 _3_4_D3;Narbonne_H5
7;6;6;9;L1125_Na657_H8 _3_4_E1;Narbonne_H8
8;4;5;10;L1107_Na234_H2 _3_4_E3;Narbonne_H2
9;4;6;11;L1107_Na234_H2 _3_4_E3;Narbonne_H2
10;3;3;14;L1096b_Na156_H4 _3_4_F6;Narbonne_H4
11;6;6;15;269_B_H96 _3_12_A4;Narbonne_H96
12;5;6;16;269_B_H96 _3_12_A4;Narbonne_H96
13;5;5;17;269_B_H96 _3_12_A4;Narbonne_H96
14;2;4;18;L1109_Na314_H5 _3_12_B3;Narbonne_H5
15;3;5;19;L1109_Na314_H5 _3_12_B3;Narbonne_H5
16;3;4;20;L1096b_Na156_H4 _3_12_C2;Narbonne_H4
17;2;3;20;L1096b_Na156_H4 _3_12_C2;Narbonne_H4
18;3;4;21;L1096b_Na156_H4 _3_12_C2;Narbonne_H4
19;3;3;21;L1096b_Na156_H4 _3_12_C2;Narbonne_H4
20;3;6;22;L1096b_Na156_H4 _3_12_C2;Narbonne_H4
21;3;5;23;L1096b_Na156_H4 _3_12_C2;Narbonne_H4
22;2;4;24;L1096b_Na156_H4 _3_12_C2;Narbonne_H4
23;4;4;25;L1096b_Na156_H4 _3_12_C2;Narbonne_H4
24;2;5;26;L1096b_Na156_H4 _3_12_C2;Narbonne_H4
25;3;3;27;L1096b_Na156_H4 _3_12_C2;Narbonne_H4
26;0;3;30;L1105_Na21_H2 _3_12_C3;Narbonne_H2
27;2;4;31;L1105_Na21_H2 _3_12_C3;Narbonne_H2
28;2;3;31;L1105_Na21_H2 _3_12_C3;Narbonne_H2
29;4;5;32;L1105_Na21_H2 _3_12_C3;Narbonne_H2
30;5;6;33;L1105_Na21_H2 _3_12_C3;Narbonne_H2
31;6;6;34;L1105_Na21_H2 _3_12_C3;Narbonne_H2
32;4;6;35;L1105_Na21_H2 _3_12_C3;Narbonne_H2
33;3;6;36;L1105_Na21_H2 _3_12_C3;Narbonne_H2
34;3;5;37;L1105_Na21_H2 _3_12_C3;Narbonne_H2
35;4;6;38;426_A_H11.5 _3_12_C5;Narbonne_H11.5
36;3;3;39;426_A_H11.5 _3_12_C5;Narbonne_H11.5
37;3;4;40;426_A_H11.5 _3_12_C5;Narbonne_H11.5
38;1;3;40;426_A_H11.5 _3_12_C5;Narbonne_H11.5
39;6;6;41;426_A_H11.5 _3_12_C5;Narbonne_H11.5
40;3;5;42;426_A_H11.5 _3_12_C5;Narbonne_H11.5
41;4;5;43;426_A_H11.5 _3_12_C5;Narbonne_H11.5
42;4;5;44;426_A_H11.5 _3_12_C5;Narbonne_H11.5
43;3;4;45;426_A_H11.5 _3_12_C5;Narbonne_H11.5
44;3;6;46;426_A_H11.5 _3_12_C5;Narbonne_H11.5
45;3;4;47;426_A_H11.5 _3_12_C5;Narbonne_H11.5
46;3;3;47;426_A_H11.5 _3_12_C5;Narbonne_H11.5
47;3;3;48;426_A_H11.5 _3_12_C5;Narbonne_H11.5
48;5;6;49;426_A_H11.5 _3_12_C5;Narbonne_H11.5
49;4;6;50;426_A_H11.5 _3_12_C5;Narbonne_H11.5
50;3;3;51;L1110b_Na326_H5 _3_12_E6;Narbonne_H5
51;0;5;52;L1096b_Na156_H4 _3_12_F2;Narbonne_H4
52;1;5;53;L1096b_Na156_H4 _3_12_F2;Narbonne_H4
53;0;2;54;L1096b_Na156_H4 _3_12_F2;Narbonne_H4
54;2;5;55;L1096b_Na156_H4 _3_12_F2;Narbonne_H4
55;0;4;56;L1096b_Na156_H4 _3_12_F2;Narbonne_H4
56;0;2;57;L1096b_Na156_H4 _3_12_F2;Narbonne_H4
57;2;4;59;L1125_Na657_H8 _3_12_F3;Narbonne_H8
58;0;3;59;L1125_Na657_H8 _3_12_F3;Narbonne_H8
59;5;6;60;L1125_Na657_H8 _3_12_F3;Narbonne_H8
60;1;4;61;L1125_Na657_H8 _3_12_F3;Narbonne_H8
61;2;3;61;L1125_Na657_H8 _3_12_F3;Narbonne_H8
62;4;4;62;L1125_Na657_H8 _3_12_F3;Narbonne_H8
63;2;4;62;L1125_Na657_H8 _3_12_F3;Narbonne_H8
64;4;5;63;L1125_Na657_H8 _3_12_F3;Narbonne_H8
65;4;4;64;L1125_Na657_H8 _3_12_F3;Narbonne_H8
66;2;3;64;L1125_Na657_H8 _3_12_F3;Narbonne_H8
67;2;4;65;L1125_Na657_H8 _3_12_F3;Narbonne_H8
68;2;3;66;L1125_Na657_H8 _3_12_F3;Narbonne_H8
69;2;2;68;L1125_Na657_H8 _3_12_F3;Narbonne_H8
70;6;6;69;L1123_Na632_H8 _8_4_A5;Narbonne_H8
71;5;5;70;L1090_Na136_H1 _8_4_B1;Narbonne_H1
72;3;5;71;L1090_Na136_H1 _8_4_B1;Narbonne_H1
73;4;4;72;L1109_Na314_H5 _8_4_B2;Narbonne_H5
74;2;3;72;L1109_Na314_H5 _8_4_B2;Narbonne_H5
75;6;6;73;L1109_Na314_H5 _8_4_B2;Narbonne_H5
76;3;4;74;L1109_Na314_H5 _8_4_B5;Narbonne_H5
77;4;5;75;L1109_Na314_H5 _8_4_B5;Narbonne_H5
78;4;6;76;L1109_Na314_H5 _8_4_B5;Narbonne_H5
79;4;4;77;L1109_Na314_H5 _8_4_B5;Narbonne_H5
80;4;5;78;L1110b_Na326_H5 _8_4_C3;Narbonne_H5
81;3;3;79;L1110b_Na326_H5 _8_4_C3;Narbonne_H5
82;3;5;80;L1107_Na234_H2 _8_4_C4;Narbonne_H2
83;3;5;81;L1107_Na234_H2 _8_4_C4;Narbonne_H2
84;3;4;82;L1110b_Na326_H5 _8_4_D5;Narbonne_H5
85;3;3;82;L1110b_Na326_H5 _8_4_D5;Narbonne_H5
86;5;5;83;L1110b_Na326_H5 _8_4_D5;Narbonne_H5
87;2;4;84;L1125_Na657_H8 _8_4_E1;Narbonne_H8
88;3;4;85;L1113_Na424 _8_4_E4;Narbonne_H6
89;6;6;86;L1113_Na424 _8_4_E4;Narbonne_H6
90;3;3;87;L1109_Na314_H5 _8_7_A3;Narbonne_H5
91;3;3;90;L1086_Na121_H4 _8_7_B3;Narbonne_H4
92;4;5;91;426_A_H11.5 _8_7_B4;Narbonne_H11.5
93;1;1;92;L1113_Na424 _8_7_C1;Narbonne_H6
94;5;5;93;L1107_Na234_H2 _8_7_C6;Narbonne_H2
95;1;2;94;L1107_Na234_H2 _8_7_C6;Narbonne_H2
96;2;3;95;L1123_Na632_H8 _8_7_D2;Narbonne_H8
97;1;2;96;269_B_H96 _8_7_D3;Narbonne_H96
98;6;6;97;L1105_Na21_H2 _8_7_E1;Narbonne_H2
99;3;3;98;L1130_Na1028_H1 _8_7_E4;Narbonne_H1
100;4;5;99;L1119_Na545_H50 _8_7_F3;Narbonne_H50
101;1;6;100;L1090_Na136_H1 _8_7_F6;Narbonne_H1
102;0;3;101;L1119_Na545_H50 _12_7_A2;Narbonne_H50
103;2;3;102;L1105_Na21_H2 _12_7_C3;Narbonne_H2
104;4;4;103;L1105_Na21_H2 _12_7_D2;Narbonne_H2
105;2;3;103;L1105_Na21_H2 _12_7_D2;Narbonne_H2
106;1;1;104;L1110b_Na326_H5 _12_7_D6;Narbonne_H5
107;2;2;106;L1130_Na1028_H1 _12_7_E2;Narbonne_H1
108;1;2;107;L1130_Na1028_H1 _12_7_E2;Narbonne_H1
109;1;1;108;426_A_H11.5 _12_7_F2;Narbonne_H11.5
110;4;5;110;L1107_Na234_H2 _12_7_F4;Narbonne_H2
111;3;4;111;L1090_Na136_H1 _12_10_A1;Narbonne_H1
112;2;3;111;L1090_Na136_H1 _12_10_A1;Narbonne_H1
113;1;3;112;L1090_Na136_H1 _12_10_A1;Narbonne_H1
114;0;3;113;L1110b_Na326_H5 _12_10_A3;Narbonne_H5
115;2;2;115;L1109_Na314_H5 _12_10_B2;Narbonne_H5
116;4;4;116;L1109_Na314_H5 _12_10_B3;Narbonne_H5
117;2;4;118;L1130_Na1028_H1 _12_10_C1;Narbonne_H1
118;3;4;119;L1130_Na1028_H1 _12_10_C1;Narbonne_H1
119;3;6;120;426_A_H11.5 _12_10_C2;Narbonne_H11.5
120;2;5;121;L1130_Na1028_H1 _12_10_C5;Narbonne_H1
121;3;4;122;L1125_Na657_H8 _12_10_D2;Narbonne_H8
122;5;5;123;L1105_Na21_H2 _12_10_D5;Narbonne_H2
123;2;3;124;L1110b_Na326_H5 _12_10_E4;Narbonne_H5
124;2;2;125;L1123_Na632_H8 _12_10_E5;Narbonne_H8
125;0;2;126;L1123_Na632_H8 _12_10_E5;Narbonne_H8
126;3;3;127;L1107_Na234_H2 _12_10_F6;Narbonne_H2
127;4;4;128;F89-13-42-b2_H4_2013_B_A5;Corse_H4
128;2;3;128;F89-13-42-b2_H4_2013_B_A5;Corse_H4
129;4;4;129;F89-13-42-b2_H4_2013_B_A5;Corse_H4
130;4;4;130;F89-13-42-b2_H4_2013_B_A5;Corse_H4
131;1;3;130;F89-13-42-b2_H4_2013_B_A5;Corse_H4
132;1;4;131;F89-13-42-b2_H4_2013_B_A5;Corse_H4
133;2;3;131;F89-13-42-b2_H4_2013_B_A5;Corse_H4
134;5;6;132;F89-13-42-b2_H4_2013_B_A5;Corse_H4
135;2;3;133;F89-13-42-b2_H4_2013_B_A5;Corse_H4
136;3;3;133;F89-13-42-b2_H4_2013_B_A5;Corse_H4
137;3;4;134;F89-13-42-b2_H4_2013_B_A5;Corse_H4
138;3;3;134;F89-13-42-b2_H4_2013_B_A5;Corse_H4
139;4;5;135;F89-13-156-p2_H5_B_AA1;Corse_H5
140;3;5;136;F89-13-156-p2_H5_B_AA1;Corse_H5
141;4;4;137;L1110b_Na326_H5_B_B2;Narbonne_H5
142;3;3;137;L1110b_Na326_H5_B_B2;Narbonne_H5
143;6;6;138;L1110b_Na326_H5_B_B2;Narbonne_H5
144;6;6;139;L1110b_Na326_H5_B_B2;Narbonne_H5
145;5;5;140;L1110b_Na326_H5_B_B2;Narbonne_H5
146;6;6;141;L1110b_Na326_H5_B_B2;Narbonne_H5
147;6;6;142;L1110b_Na326_H5_B_B2;Narbonne_H5
148;6;6;143;L1110b_Na326_H5_B_B2;Narbonne_H5
149;2;4;144;L1110b_Na326_H5_B_B2;Narbonne_H5
150;5;5;145;L1110b_Na326_H5_B_B2;Narbonne_H5
151;3;3;146;L1110b_Na326_H5_B_B2;Narbonne_H5
152;1;1;147;F89-13-156-p2_H5_B_B5;Corse_H5
153;5;6;148;F89-13-156-p2_H5_B_B5;Corse_H5
154;0;3;149;F89-13-156-p2_H5_B_B5;Corse_H5
155;1;5;150;L1125_Na657_H8_B_C1;Narbonne_H8
156;5;6;151;L1125_Na657_H8_B_C1;Narbonne_H8
157;0;3;152;L1125_Na657_H8_B_C1;Narbonne_H8
158;3;4;153;L1130_Na1028_H1_B_C2;Narbonne_H1
159;2;3;153;L1130_Na1028_H1_B_C2;Narbonne_H1
160;4;4;154;L1130_Na1028_H1_B_C2;Narbonne_H1
161;1;3;154;L1130_Na1028_H1_B_C2;Narbonne_H1
162;4;4;155;L1130_Na1028_H1_B_C2;Narbonne_H1
163;0;4;155;L1130_Na1028_H1_B_C2;Narbonne_H1
164;0;4;156;L1130_Na1028_H1_B_C2;Narbonne_H1
165;0;4;156;L1130_Na1028_H1_B_C2;Narbonne_H1
166;0;4;157;L1130_Na1028_H1_B_C2;Narbonne_H1
167;3;3;157;L1130_Na1028_H1_B_C2;Narbonne_H1
168;0;2;158;L1130_Na1028_H1_B_C2;Narbonne_H1
169;2;4;159;F89-13-42-b2_H4_2013_B_C3;Corse_H4
170;3;4;159;F89-13-42-b2_H4_2013_B_C3;Corse_H4
171;2;4;160;F89-13-42-b2_H4_2013_B_C3;Corse_H4
172;3;4;160;F89-13-42-b2_H4_2013_B_C3;Corse_H4
173;5;6;161;F89-13-42-b2_H4_2013_B_C3;Corse_H4
174;4;6;162;F89-13-42-b2_H4_2013_B_C3;Corse_H4
175;2;4;163;L1109_Na314_H5_B_C4;Narbonne_H5
176;3;3;163;L1109_Na314_H5_B_C4;Narbonne_H5
177;1;4;164;L1109_Na314_H5_B_C4;Narbonne_H5
178;1;3;164;L1109_Na314_H5_B_C4;Narbonne_H5
179;3;4;165;L1109_Na314_H5_B_C4;Narbonne_H5
180;2;3;165;L1109_Na314_H5_B_C4;Narbonne_H5
181;2;4;166;L1109_Na314_H5_B_C4;Narbonne_H5
182;4;5;167;L1109_Na314_H5_B_C4;Narbonne_H5
183;3;4;168;L1130_Na1028_H1_B_C5;Narbonne_H1
184;3;3;168;L1130_Na1028_H1_B_C5;Narbonne_H1
185;5;6;169;L1130_Na1028_H1_B_C5;Narbonne_H1
186;4;4;170;L1130_Na1028_H1_B_C5;Narbonne_H1
187;2;3;170;L1130_Na1028_H1_B_C5;Narbonne_H1
188;4;6;171;L1130_Na1028_H1_B_C5;Narbonne_H1
189;4;4;172;L1130_Na1028_H1_B_C5;Narbonne_H1
190;3;4;172;L1130_Na1028_H1_B_C5;Narbonne_H1
191;3;4;173;L1130_Na1028_H1_B_C5;Narbonne_H1
192;4;4;173;L1130_Na1028_H1_B_C5;Narbonne_H1
193;3;6;174;L1130_Na1028_H1_B_C5;Narbonne_H1
194;2;4;175;L1130_Na1028_H1_B_C5;Narbonne_H1
195;2;4;175;L1130_Na1028_H1_B_C5;Narbonne_H1
196;3;4;176;L1130_Na1028_H1_B_C5;Narbonne_H1
197;3;4;176;L1130_Na1028_H1_B_C5;Narbonne_H1
198;3;6;177;L1130_Na1028_H1_B_C5;Narbonne_H1
199;4;4;178;L1130_Na1028_H1_B_C5;Narbonne_H1
200;3;3;178;L1130_Na1028_H1_B_C5;Narbonne_H1
201;4;4;179;L1130_Na1028_H1_B_C5;Narbonne_H1
202;3;4;179;L1130_Na1028_H1_B_C5;Narbonne_H1
203;3;4;180;L1130_Na1028_H1_B_C5;Narbonne_H1
204;3;3;180;L1130_Na1028_H1_B_C5;Narbonne_H1
205;3;4;181;L1130_Na1028_H1_B_C5;Narbonne_H1
206;4;4;181;L1130_Na1028_H1_B_C5;Narbonne_H1
207;6;6;182;L1130_Na1028_H1_B_C5;Narbonne_H1
208;2;4;183;L1130_Na1028_H1_B_C5;Narbonne_H1
209;3;3;183;L1130_Na1028_H1_B_C5;Narbonne_H1
210;3;4;184;L1130_Na1028_H1_B_C5;Narbonne_H1
211;2;3;184;L1130_Na1028_H1_B_C5;Narbonne_H1
212;2;4;185;L1130_Na1028_H1_B_C5;Narbonne_H1
213;3;4;185;L1130_Na1028_H1_B_C5;Narbonne_H1
214;3;5;186;L1130_Na1028_H1_B_C5;Narbonne_H1
215;0;4;187;L1130_Na1028_H1_B_C5;Narbonne_H1
216;1;3;187;L1130_Na1028_H1_B_C5;Narbonne_H1
217;1;4;188;L1130_Na1028_H1_B_C5;Narbonne_H1
218;2;4;188;L1130_Na1028_H1_B_C5;Narbonne_H1
219;2;4;189;L1130_Na1028_H1_B_C5;Narbonne_H1
220;0;3;189;L1130_Na1028_H1_B_C5;Narbonne_H1
221;0;6;190;L1130_Na1028_H1_B_C5;Narbonne_H1
222;4;4;191;L1130_Na1028_H1_B_C5;Narbonne_H1
223;4;4;191;L1130_Na1028_H1_B_C5;Narbonne_H1
224;3;6;192;L1130_Na1028_H1_B_C5;Narbonne_H1
225;5;5;193;L1130_Na1028_H1_B_C5;Narbonne_H1
226;2;4;194;L1130_Na1028_H1_B_C5;Narbonne_H1
227;4;4;194;L1130_Na1028_H1_B_C5;Narbonne_H1
228;2;4;195;L1130_Na1028_H1_B_C5;Narbonne_H1
229;1;3;195;L1130_Na1028_H1_B_C5;Narbonne_H1
230;0;1;196;L1130_Na1028_H1_B_C5;Narbonne_H1
231;0;4;197;L1130_Na1028_H1_B_C5;Narbonne_H1
232;1;3;197;L1130_Na1028_H1_B_C5;Narbonne_H1
233;3;5;198;L1130_Na1028_H1_B_C5;Narbonne_H1
234;4;5;199;L1130_Na1028_H1_B_C5;Narbonne_H1
235;1;5;200;L1130_Na1028_H1_B_C5;Narbonne_H1
236;1;4;201;F89-13-155-p2_H1_B_CC1;Corse_H1
237;4;4;201;F89-13-155-p2_H1_B_CC1;Corse_H1
238;1;3;203;F89-13-155-p2_H1_B_CC1;Corse_H1
239;2;4;204;L1107_Na234_H2_B_CC3;Narbonne_H2
240;3;3;204;L1107_Na234_H2_B_CC3;Narbonne_H2
241;3;4;205;L1107_Na234_H2_B_CC3;Narbonne_H2
242;2;3;205;L1107_Na234_H2_B_CC3;Narbonne_H2
243;3;4;206;L1107_Na234_H2_B_CC3;Narbonne_H2
244;3;3;206;L1107_Na234_H2_B_CC3;Narbonne_H2
245;6;6;207;L1107_Na234_H2_B_CC3;Narbonne_H2
246;5;5;208;L1107_Na234_H2_B_CC3;Narbonne_H2
247;3;4;209;L1107_Na234_H2_B_CC3;Narbonne_H2
248;4;5;210;L1107_Na234_H2_B_CC3;Narbonne_H2
249;3;5;211;F89-13-101-r2_H1_B_D2;Corse_H1
250;5;6;212;F89-13-101-r2_H1_B_D2;Corse_H1
251;4;4;213;F89-13-101-r2_H1_B_D2;Corse_H1
252;2;3;213;F89-13-101-r2_H1_B_D2;Corse_H1
253;4;4;214;F89-13-101-r2_H1_B_D2;Corse_H1
254;3;3;214;F89-13-101-r2_H1_B_D2;Corse_H1
255;2;4;215;F89-13-101-r2_H1_B_D2;Corse_H1
256;3;3;215;F89-13-101-r2_H1_B_D2;Corse_H1
257;4;5;216;F89-13-101-r2_H1_B_D2;Corse_H1
258;4;4;217;F89-13-101-r2_H1_B_D2;Corse_H1
259;2;4;218;F89-13-101-r2_H1_B_D2;Corse_H1
260;2;3;218;F89-13-101-r2_H1_B_D2;Corse_H1
261;4;4;219;F89-13-101-r2_H1_B_D2;Corse_H1
262;2;3;219;F89-13-101-r2_H1_B_D2;Corse_H1
263;4;4;220;F89-13-101-r2_H1_B_D2;Corse_H1
264;2;3;220;F89-13-101-r2_H1_B_D2;Corse_H1
265;4;5;221;F89-13-101-r2_H1_B_D2;Corse_H1
266;1;3;222;F89-13-101-r2_H1_B_D2;Corse_H1
267;3;4;223;F89-13-101-r2_H1_B_D2;Corse_H1
268;3;3;223;F89-13-101-r2_H1_B_D2;Corse_H1
269;3;4;224;F89-13-101-r2_H1_B_D2;Corse_H1
270;2;4;224;F89-13-101-r2_H1_B_D2;Corse_H1
271;4;4;225;F89-13-101-r2_H1_B_D2;Corse_H1
272;4;4;225;F89-13-101-r2_H1_B_D2;Corse_H1
273;4;6;226;F89-13-101-r2_H1_B_D2;Corse_H1
274;5;5;227;F89-13-101-r2_H1_B_D2;Corse_H1
275;4;4;227;F89-13-101-r2_H1_B_D2;Corse_H1
276;4;5;228;F89-13-101-r2_H1_B_D2;Corse_H1
277;5;6;229;F89-13-101-r2_H1_B_D2;Corse_H1
278;3;4;230;F89-13-101-r2_H1_B_D2;Corse_H1
279;3;4;231;F89-13-101-r2_H1_B_D2;Corse_H1
280;1;1;232;F89-13-101-r2_H1_B_D2;Corse_H1
281;6;6;233;F89-13-101-r2_H1_B_D2;Corse_H1
282;4;4;234;F89-13-101-r2_H1_B_D2;Corse_H1
283;0;2;235;F89-13-101-r2_H1_B_D2;Corse_H1
284;4;4;236;F89-13-101-r2_H1_B_D2;Corse_H1
285;3;3;236;F89-13-101-r2_H1_B_D2;Corse_H1
286;5;5;237;F89-13-101-r2_H1_B_D2;Corse_H1
287;2;4;238;F89-13-101-r2_H1_B_D2;Corse_H1
288;4;4;239;F89-13-101-r2_H1_B_D2;Corse_H1
289;5;6;240;F89-13-101-r2_H1_B_D2;Corse_H1
290;4;4;241;F89-13-101-r2_H1_B_D2;Corse_H1
291;1;3;241;F89-13-101-r2_H1_B_D2;Corse_H1
292;2;4;242;F89-13-101-r2_H1_B_D2;Corse_H1
293;3;4;242;F89-13-101-r2_H1_B_D2;Corse_H1
294;4;5;243;F89-13-101-r2_H1_B_D2;Corse_H1
295;2;4;244;F89-13-101-r2_H1_B_D2;Corse_H1
296;0;3;244;F89-13-101-r2_H1_B_D2;Corse_H1
297;3;4;245;F89-13-101-r2_H1_B_D2;Corse_H1
298;5;6;246;F89-13-101-r2_H1_B_D2;Corse_H1
299;2;4;247;F89-13-101-r2_H1_B_D2;Corse_H1
300;2;2;248;F89-13-101-r2_H1_B_D2;Corse_H1
301;4;4;250;F89-13-101-r2_H1_B_D2;Corse_H1
302;3;4;250;F89-13-101-r2_H1_B_D2;Corse_H1
303;4;6;251;F89-13-101-r2_H1_B_D2;Corse_H1
304;1;3;252;F89-13-101-r2_H1_B_D2;Corse_H1
305;3;4;253;F89-13-101-r2_H1_B_D2;Corse_H1
306;2;2;254;F89-13-101-r2_H1_B_D2;Corse_H1
307;5;5;255;F89-13-101-r2_H1_B_D2;Corse_H1
308;0;1;256;F89-13-101-r2_H1_B_D2;Corse_H1
309;3;5;257;F89-13-101-r2_H1_B_D2;Corse_H1
310;6;6;258;F89-13-101-r2_H1_B_D2;Corse_H1
311;4;4;259;F89-13-101-r2_H1_B_D2;Corse_H1
312;3;4;260;F89-13-101-r2_H1_B_D2;Corse_H1
313;3;3;260;F89-13-101-r2_H1_B_D2;Corse_H1
314;0;6;261;F89-13-101-r2_H1_B_D2;Corse_H1
315;5;6;262;F89-13-101-r2_H1_B_D2;Corse_H1
316;4;4;263;F89-13-101-r2_H1_B_D2;Corse_H1
317;3;4;263;F89-13-101-r2_H1_B_D2;Corse_H1
318;0;3;264;F89-13-101-r2_H1_B_D2;Corse_H1
319;4;4;265;F89-13-101-r2_H1_B_D2;Corse_H1
320;2;3;265;F89-13-101-r2_H1_B_D2;Corse_H1
321;3;3;266;F89-13-101-r2_H1_B_D2;Corse_H1
322;2;4;267;F89-13-46-b2_H4_2013_B_D3;Corse_H4
323;4;4;267;F89-13-46-b2_H4_2013_B_D3;Corse_H4
324;4;4;268;F89-13-46-b2_H4_2013_B_D3;Corse_H4
325;3;4;268;F89-13-46-b2_H4_2013_B_D3;Corse_H4
326;3;4;269;L1119_Na545_H50_B_D5;Narbonne_H50
327;3;3;269;L1119_Na545_H50_B_D5;Narbonne_H50
328;4;4;270;L1119_Na545_H50_B_D5;Narbonne_H50
329;3;3;270;L1119_Na545_H50_B_D5;Narbonne_H50
330;3;4;271;L1119_Na545_H50_B_D5;Narbonne_H50
331;3;3;271;L1119_Na545_H50_B_D5;Narbonne_H50
332;2;4;272;L1119_Na545_H50_B_D5;Narbonne_H50
333;3;3;272;L1119_Na545_H50_B_D5;Narbonne_H50
334;6;6;273;L1119_Na545_H50_B_D5;Narbonne_H50
335;5;5;274;L1119_Na545_H50_B_D5;Narbonne_H50
336;4;6;275;L1119_Na545_H50_B_D5;Narbonne_H50
337;3;4;276;L1119_Na545_H50_B_D5;Narbonne_H50
338;2;3;276;L1119_Na545_H50_B_D5;Narbonne_H50
339;5;6;277;L1119_Na545_H50_B_D5;Narbonne_H50
340;4;5;278;L1119_Na545_H50_B_D5;Narbonne_H50
341;6;6;279;L1119_Na545_H50_B_D5;Narbonne_H50
342;2;4;280;L1119_Na545_H50_B_D5;Narbonne_H50
343;3;3;280;L1119_Na545_H50_B_D5;Narbonne_H50
344;6;6;281;L1119_Na545_H50_B_D5;Narbonne_H50
345;5;6;282;L1119_Na545_H50_B_D5;Narbonne_H50
346;6;6;283;L1119_Na545_H50_B_D5;Narbonne_H50
347;3;4;284;L1119_Na545_H50_B_D5;Narbonne_H50
348;3;4;284;L1119_Na545_H50_B_D5;Narbonne_H50
349;1;5;285;L1119_Na545_H50_B_D5;Narbonne_H50
350;2;4;286;L1119_Na545_H50_B_D5;Narbonne_H50
351;3;4;286;L1119_Na545_H50_B_D5;Narbonne_H50
352;2;5;287;L1119_Na545_H50_B_D5;Narbonne_H50
353;2;6;288;L1119_Na545_H50_B_D5;Narbonne_H50
354;3;6;289;L1119_Na545_H50_B_D5;Narbonne_H50
355;4;4;290;L1119_Na545_H50_B_D5;Narbonne_H50
356;0;6;291;L1119_Na545_H50_B_D5;Narbonne_H50
357;0;5;292;L1119_Na545_H50_B_D5;Narbonne_H50
358;3;5;293;L1119_Na545_H50_B_D5;Narbonne_H50
359;4;6;294;L1119_Na545_H50_B_D5;Narbonne_H50
360;3;4;295;L1119_Na545_H50_B_D5;Narbonne_H50
361;3;3;295;L1119_Na545_H50_B_D5;Narbonne_H50
362;1;4;296;L1119_Na545_H50_B_D5;Narbonne_H50
363;2;3;297;L1119_Na545_H50_B_D5;Narbonne_H50
364;0;1;298;L1119_Na545_H50_B_D5;Narbonne_H50
365;5;6;299;L1119_Na545_H50_B_D5;Narbonne_H50
366;3;4;300;L1105_Na21_H2_B_D6;Narbonne_H2
367;2;3;300;L1105_Na21_H2_B_D6;Narbonne_H2
368;4;5;301;L1105_Na21_H2_B_D6;Narbonne_H2
369;1;4;302;L1105_Na21_H2_B_D6;Narbonne_H2
370;3;3;302;L1105_Na21_H2_B_D6;Narbonne_H2
371;4;4;303;L1105_Na21_H2_B_D6;Narbonne_H2
372;2;3;303;L1105_Na21_H2_B_D6;Narbonne_H2
373;0;4;304;L1105_Na21_H2_B_D6;Narbonne_H2
374;2;4;304;L1105_Na21_H2_B_D6;Narbonne_H2
375;6;6;305;L1105_Na21_H2_B_D6;Narbonne_H2
376;3;4;306;L1105_Na21_H2_B_D6;Narbonne_H2
377;2;3;306;L1105_Na21_H2_B_D6;Narbonne_H2
378;3;3;307;L1105_Na21_H2_B_D6;Narbonne_H2
379;2;3;308;L1105_Na21_H2_B_D6;Narbonne_H2
380;3;4;309;L1105_Na21_H2_B_D6;Narbonne_H2
381;4;4;310;L1086_Na121_H4_B_E2;Narbonne_H4
382;3;4;310;L1086_Na121_H4_B_E2;Narbonne_H4
383;4;4;311;L1086_Na121_H4_B_E2;Narbonne_H4
384;3;3;311;L1086_Na121_H4_B_E2;Narbonne_H4
385;3;4;312;L1086_Na121_H4_B_E2;Narbonne_H4
386;4;4;312;L1086_Na121_H4_B_E2;Narbonne_H4
387;3;4;313;L1086_Na121_H4_B_E2;Narbonne_H4
388;3;4;313;L1086_Na121_H4_B_E2;Narbonne_H4
389;4;4;314;L1086_Na121_H4_B_E2;Narbonne_H4
390;3;4;314;L1086_Na121_H4_B_E2;Narbonne_H4
391;6;6;315;L1086_Na121_H4_B_E2;Narbonne_H4
392;4;4;316;L1090_Na136_H1_B_E3;Narbonne_H1
393;4;4;316;L1090_Na136_H1_B_E3;Narbonne_H1
394;4;4;317;L1090_Na136_H1_B_E3;Narbonne_H1
395;3;3;317;L1090_Na136_H1_B_E3;Narbonne_H1
396;0;4;318;L1090_Na136_H1_B_E3;Narbonne_H1
397;3;4;318;L1090_Na136_H1_B_E3;Narbonne_H1
398;4;4;319;L1090_Na136_H1_B_E3;Narbonne_H1
399;3;3;319;L1090_Na136_H1_B_E3;Narbonne_H1
400;4;4;320;L1090_Na136_H1_B_E3;Narbonne_H1
401;3;3;320;L1090_Na136_H1_B_E3;Narbonne_H1
402;3;4;321;L1090_Na136_H1_B_E3;Narbonne_H1
403;3;4;321;L1090_Na136_H1_B_E3;Narbonne_H1
404;4;4;322;L1090_Na136_H1_B_E3;Narbonne_H1
405;3;4;322;L1090_Na136_H1_B_E3;Narbonne_H1
406;5;5;323;L1090_Na136_H1_B_E3;Narbonne_H1
407;3;4;323;L1090_Na136_H1_B_E3;Narbonne_H1
408;4;4;324;L1090_Na136_H1_B_E3;Narbonne_H1
409;1;4;324;L1090_Na136_H1_B_E3;Narbonne_H1
410;5;6;325;L1090_Na136_H1_B_E3;Narbonne_H1
411;0;4;326;L1090_Na136_H1_B_E3;Narbonne_H1
412;2;3;326;L1090_Na136_H1_B_E3;Narbonne_H1
413;3;6;327;L1090_Na136_H1_B_E3;Narbonne_H1
414;2;4;328;L1090_Na136_H1_B_E3;Narbonne_H1
415;2;4;328;L1090_Na136_H1_B_E3;Narbonne_H1
416;0;4;329;L1090_Na136_H1_B_E3;Narbonne_H1
417;0;4;329;L1090_Na136_H1_B_E3;Narbonne_H1
418;0;4;330;L1090_Na136_H1_B_E3;Narbonne_H1
419;0;3;330;L1090_Na136_H1_B_E3;Narbonne_H1
420;2;4;331;L1090_Na136_H1_B_E3;Narbonne_H1
421;3;3;331;L1090_Na136_H1_B_E3;Narbonne_H1
422;3;4;333;L1090_Na136_H1_B_E5;Narbonne_H1
423;2;3;333;L1090_Na136_H1_B_E5;Narbonne_H1
424;3;4;335;L1090_Na136_H1_B_E5;Narbonne_H1
425;3;3;335;L1090_Na136_H1_B_E5;Narbonne_H1
426;4;5;337;L1090_Na136_H1_B_E5;Narbonne_H1
427;1;6;339;L1096b_Na156_H4_B_E6;Narbonne_H4
428;4;4;341;L1096b_Na156_H4_B_E6;Narbonne_H4
429;2;3;341;L1096b_Na156_H4_B_E6;Narbonne_H4
430;3;4;343;L1096b_Na156_H4_B_E6;Narbonne_H4
431;2;3;343;L1096b_Na156_H4_B_E6;Narbonne_H4
432;3;4;345;L1096b_Na156_H4_B_E6;Narbonne_H4
433;1;3;345;L1096b_Na156_H4_B_E6;Narbonne_H4
434;4;4;347;L1096b_Na156_H4_B_E6;Narbonne_H4
435;3;3;347;L1096b_Na156_H4_B_E6;Narbonne_H4
436;1;5;349;L1096b_Na156_H4_B_E6;Narbonne_H4
437;1;4;351;L1096b_Na156_H4_B_E6;Narbonne_H4
438;3;4;353;L1109_Na314_H5_B_EE1;Narbonne_H5
439;3;3;353;L1109_Na314_H5_B_EE1;Narbonne_H5
440;4;6;355;L1109_Na314_H5_B_EE1;Narbonne_H5
441;4;5;357;L1109_Na314_H5_B_EE1;Narbonne_H5
442;2;4;359;ESP-163-2009-08_H2_B_F3;Espagne_H2
443;4;4;359;ESP-163-2009-08_H2_B_F3;Espagne_H2
444;4;5;361;ESP-163-2009-08_H2_B_F3;Espagne_H2
445;3;4;361;ESP-163-2009-08_H2_B_F3;Espagne_H2
446;3;4;363;ESP-163-2009-08_H2_B_F3;Espagne_H2
447;3;3;363;ESP-163-2009-08_H2_B_F3;Espagne_H2
448;4;5;365;ESP-163-2009-08_H2_B_F3;Espagne_H2
449;4;5;365;ESP-163-2009-08_H2_B_F3;Espagne_H2
450;3;4;367;ESP-163-2009-08_H2_B_F3;Espagne_H2
451;3;3;367;ESP-163-2009-08_H2_B_F3;Espagne_H2
452;4;6;369;ESP-163-2009-08_H2_B_F3;Espagne_H2
453;4;4;371;ESP-163-2009-08_H2_B_F3;Espagne_H2
454;3;3;371;ESP-163-2009-08_H2_B_F3;Espagne_H2
455;6;6;373;ESP-163-2009-08_H2_B_F3;Espagne_H2
456;4;6;375;ESP-163-2009-08_H2_B_F3;Espagne_H2
457;4;4;377;F89-13-46-b2_H4_2013_B_F6;Corse_H4
458;2;3;377;F89-13-46-b2_H4_2013_B_F6;Corse_H4
459;3;4;379;F89-13-46-b2_H4_2013_B_F6;Corse_H4
460;3;3;379;F89-13-46-b2_H4_2013_B_F6;Corse_H4
461;2;4;381;Inconnu?_E_A12;NA
462;3;4;381;Inconnu?_E_A12;NA
463;0;4;383;Inconnu?_E_A12;NA
464;0;3;383;Inconnu?_E_A12;NA
465;3;4;385;Inconnu?_E_A12;NA
466;2;3;385;Inconnu?_E_A12;NA
467;2;4;387;Inconnu?_E_A12;NA
468;3;3;387;Inconnu?_E_A12;NA
469;4;5;389;Inconnu?_E_A12;NA
470;3;6;391;Inconnu?_E_A12;NA
471;3;6;393;Inconnu?_E_A12;NA
472;1;4;395;Inconnu?_E_A12;NA
473;0;4;395;Inconnu?_E_A12;NA
474;2;6;397;Inconnu?_E_A12;NA
475;3;4;399;F89-13-46-b2_H4_2013_E_A2;Corse_H4
476;1;3;399;F89-13-46-b2_H4_2013_E_A2;Corse_H4
477;2;4;401;F89-13-46-b2_H4_2013_E_A2;Corse_H4
478;0;5;403;L1125_Na657_H8_E_A3;Narbonne_H8
479;0;6;405;L1125_Na657_H8_E_A3;Narbonne_H8
480;0;6;407;F89-13-156-p2_H5_E_A6;Corse_H5
481;2;4;409;F89-13-156-p2_H5_E_A6;Corse_H5
482;6;6;411;F89-13-42-b2_H4_2013_E_B2;Corse_H4
483;6;6;413;F89-13-42-b2_H4_2013_E_B2;Corse_H4
484;3;5;415;F89-13-42-b2_H4_2013_E_B2;Corse_H4
485;3;4;417;F89-13-42-b2_H4_2013_E_B2;Corse_H4
486;3;3;417;F89-13-42-b2_H4_2013_E_B2;Corse_H4
487;5;5;419;F89-13-42-b2_H4_2013_E_B2;Corse_H4
488;6;6;421;F89-13-155-p2_H1_E_CC3;Corse_H1
489;2;4;423;F89-13-155-p2_H1_E_CC3;Corse_H1
490;3;3;423;F89-13-155-p2_H1_E_CC3;Corse_H1
491;5;5;425;F89-13-155-p2_H1_E_CC3;Corse_H1
492;4;4;427;F89-13-155-p2_H1_E_CC5;Corse_H1
493;3;3;427;F89-13-155-p2_H1_E_CC5;Corse_H1
494;4;4;429;L1119_Na545_H50_E_D1;Narbonne_H50
495;3;3;429;L1119_Na545_H50_E_D1;Narbonne_H50
496;4;4;431;L1119_Na545_H50_E_D1;Narbonne_H50
497;4;4;431;L1119_Na545_H50_E_D1;Narbonne_H50
498;4;4;433;L1119_Na545_H50_E_D1;Narbonne_H50
499;1;3;433;L1119_Na545_H50_E_D1;Narbonne_H50
500;5;5;435;L1119_Na545_H50_E_D1;Narbonne_H50
501;5;6;437;L1119_Na545_H50_E_D1;Narbonne_H50
502;6;6;439;L1119_Na545_H50_E_D1;Narbonne_H50
503;3;4;441;L1119_Na545_H50_E_D1;Narbonne_H50
504;3;3;441;L1119_Na545_H50_E_D1;Narbonne_H50
505;6;6;443;L1119_Na545_H50_E_D1;Narbonne_H50
506;2;4;445;L1119_Na545_H50_E_D1;Narbonne_H50
507;4;4;445;L1119_Na545_H50_E_D1;Narbonne_H50
508;4;6;447;L1119_Na545_H50_E_D1;Narbonne_H50
509;2;5;449;L1119_Na545_H50_E_D1;Narbonne_H50
510;4;4;451;L1119_Na545_H50_E_D1;Narbonne_H50
511;2;2;453;L1119_Na545_H50_E_D1;Narbonne_H50
512;4;4;455;L1119_Na545_H50_E_D1;Narbonne_H50
513;4;4;457;L1119_Na545_H50_E_D1;Narbonne_H50
514;3;3;457;L1119_Na545_H50_E_D1;Narbonne_H50
515;3;4;459;L1119_Na545_H50_E_D1;Narbonne_H50
516;1;3;459;L1119_Na545_H50_E_D1;Narbonne_H50
517;4;6;461;L1119_Na545_H50_E_D1;Narbonne_H50
518;0;4;463;L1086_Na121_H4_E_D2;Narbonne_H4
519;3;3;463;L1086_Na121_H4_E_D2;Narbonne_H4
520;3;6;465;L1086_Na121_H4_E_D2;Narbonne_H4
521;4;4;467;L1086_Na121_H4_E_D2;Narbonne_H4
522;6;6;469;ESP-163-2009-01_H3_E_D3;Espagne_H3
523;6;6;471;ESP-163-2009-01_H3_E_D3;Espagne_H3
524;1;4;473;ESP-163-2009-01_H3_E_D3;Espagne_H3
525;0;4;473;ESP-163-2009-01_H3_E_D3;Espagne_H3
526;3;5;475;ESP-163-2009-01_H3_E_D3;Espagne_H3
527;4;4;475;ESP-163-2009-01_H3_E_D3;Espagne_H3
528;2;4;477;ESP-163-2009-01_H3_E_D3;Espagne_H3
529;0;4;477;ESP-163-2009-01_H3_E_D3;Espagne_H3
530;2;6;479;ESP-163-2009-01_H3_E_D3;Espagne_H3
531;0;4;481;ESP-163-2009-01_H3_E_D3;Espagne_H3
532;3;4;481;ESP-163-2009-01_H3_E_D3;Espagne_H3
533;2;4;483;ESP-163-2009-01_H3_E_D3;Espagne_H3
534;1;4;483;ESP-163-2009-01_H3_E_D3;Espagne_H3
535;1;5;485;ESP-163-2009-01_H3_E_D3;Espagne_H3
536;4;4;487;ESP-163-2009-01_H3_E_D3;Espagne_H3
537;2;4;487;ESP-163-2009-01_H3_E_D3;Espagne_H3
538;1;4;489;ESP-163-2009-01_H3_E_D3;Espagne_H3
539;0;3;489;ESP-163-2009-01_H3_E_D3;Espagne_H3
540;4;5;491;ESP-163-2009-01_H3_E_D3;Espagne_H3
541;3;4;493;L1119_Na545_H50_E_D4;Narbonne_H50
542;2;4;493;L1119_Na545_H50_E_D4;Narbonne_H50
543;4;4;495;L1119_Na545_H50_E_D4;Narbonne_H50
544;4;4;495;L1119_Na545_H50_E_D4;Narbonne_H50
545;3;4;497;L1119_Na545_H50_E_D4;Narbonne_H50
546;4;4;497;L1119_Na545_H50_E_D4;Narbonne_H50
547;3;4;499;L1119_Na545_H50_E_D4;Narbonne_H50
548;2;3;499;L1119_Na545_H50_E_D4;Narbonne_H50
549;3;4;501;L1119_Na545_H50_E_D4;Narbonne_H50
550;1;3;501;L1119_Na545_H50_E_D4;Narbonne_H50
551;6;6;503;L1119_Na545_H50_E_D4;Narbonne_H50
552;3;4;505;L1119_Na545_H50_E_D4;Narbonne_H50
553;4;4;505;L1119_Na545_H50_E_D4;Narbonne_H50
554;2;4;507;L1119_Na545_H50_E_D4;Narbonne_H50
555;0;3;507;L1119_Na545_H50_E_D4;Narbonne_H50
556;3;6;509;L1119_Na545_H50_E_D4;Narbonne_H50
557;4;4;511;L1119_Na545_H50_E_D4;Narbonne_H50
558;4;4;511;L1119_Na545_H50_E_D4;Narbonne_H50
559;4;4;513;L1119_Na545_H50_E_D4;Narbonne_H50
560;3;3;513;L1119_Na545_H50_E_D4;Narbonne_H50
561;2;4;515;L1119_Na545_H50_E_D4;Narbonne_H50
562;3;3;515;L1119_Na545_H50_E_D4;Narbonne_H50
563;3;4;517;L1105_Na21_H2_E_E1;Narbonne_H2
564;2;3;517;L1105_Na21_H2_E_E1;Narbonne_H2
565;4;4;519;L1090_Na136_H1_E_E2;Narbonne_H1
566;3;4;519;L1090_Na136_H1_E_E2;Narbonne_H1
567;2;4;521;L1090_Na136_H1_E_E2;Narbonne_H1
568;2;4;521;L1090_Na136_H1_E_E2;Narbonne_H1
569;2;4;523;L1090_Na136_H1_E_E2;Narbonne_H1
570;3;6;525;L1090_Na136_H1_E_E2;Narbonne_H1
571;6;6;527;L1096b_Na156_H4_E_E4;Narbonne_H4
572;0;4;529;L1096b_Na156_H4_E_E4;Narbonne_H4
573;1;3;529;L1096b_Na156_H4_E_E4;Narbonne_H4
574;0;2;531;L1096b_Na156_H4_E_E4;Narbonne_H4
575;2;6;533;F89-13-156-p2_H5_E_E6;Corse_H5
576;1;5;535;L1096b_Na156_H4_E_EE1;Narbonne_H4
577;0;4;537;L1096b_Na156_H4_E_EE1;Narbonne_H4
578;2;4;539;Inconnu?_E_EE5;NA
579;1;3;539;Inconnu?_E_EE5;NA
580;0;4;541;Inconnu?_E_EE5;NA
581;0;4;541;Inconnu?_E_EE5;NA
582;0;6;543;Inconnu?_E_EE5;NA
583;1;6;545;Inconnu?_E_EE5;NA
584;1;4;547;L1110b_Na326_H5_E_F3;Narbonne_H5
585;3;3;547;L1110b_Na326_H5_E_F3;Narbonne_H5
586;2;5;549;L1110b_Na326_H5_E_F3;Narbonne_H5
587;1;3;551;L1110b_Na326_H5_E_F3;Narbonne_H5
588;4;4;553;F89-13-46-b2_H4_2013_I_A1;Corse_H4
589;1;4;553;F89-13-46-b2_H4_2013_I_A1;Corse_H4
590;0;5;555;F89-13-46-b2_H4_2013_I_A1;Corse_H4
591;1;3;557;F89-13-156-p2_H5_I_A2;Corse_H5
592;4;6;559;F89-13-156-p2_H5_I_A2;Corse_H5
593;2;2;561;F89-13-156-p2_H5_I_A2;Corse_H5
594;3;6;563;L1123_Na632_H8_I_A5;Narbonne_H8
595;2;4;565;L1123_Na632_H8_I_A5;Narbonne_H8
596;2;3;565;L1123_Na632_H8_I_A5;Narbonne_H8
597;2;6;567;L1123_Na632_H8_I_A5;Narbonne_H8
598;4;5;569;L1123_Na632_H8_I_A5;Narbonne_H8
599;2;4;569;L1123_Na632_H8_I_A5;Narbonne_H8
600;2;4;571;L1123_Na632_H8_I_A5;Narbonne_H8
601;3;3;571;L1123_Na632_H8_I_A5;Narbonne_H8
602;4;4;573;L1105_Na21_H2_I_A6;Narbonne_H2
603;0;4;573;L1105_Na21_H2_I_A6;Narbonne_H2
604;4;4;575;L1105_Na21_H2_I_A6;Narbonne_H2
605;3;3;575;L1105_Na21_H2_I_A6;Narbonne_H2
606;2;4;577;L1105_Na21_H2_I_A6;Narbonne_H2
607;3;4;577;L1105_Na21_H2_I_A6;Narbonne_H2
608;4;4;579;L1105_Na21_H2_I_A6;Narbonne_H2
609;3;4;579;L1105_Na21_H2_I_A6;Narbonne_H2
610;4;4;581;L1105_Na21_H2_I_A6;Narbonne_H2
611;4;4;581;L1105_Na21_H2_I_A6;Narbonne_H2
612;3;4;583;L1105_Na21_H2_I_A6;Narbonne_H2
613;3;3;583;L1105_Na21_H2_I_A6;Narbonne_H2
614;3;3;585;L1105_Na21_H2_I_A6;Narbonne_H2
615;4;4;587;L1105_Na21_H2_I_A6;Narbonne_H2
616;3;3;587;L1105_Na21_H2_I_A6;Narbonne_H2
617;5;6;589;L1107_Na234_H2_I_AA5;Narbonne_H2
618;4;4;591;F89-13-42-b2_H4_2013_I_B5;Corse_H4
619;4;4;593;L1090_Na136_H1_I_C5;Narbonne_H1
620;3;3;593;L1090_Na136_H1_I_C5;Narbonne_H1
621;3;4;595;L1090_Na136_H1_I_C5;Narbonne_H1
622;3;3;595;L1090_Na136_H1_I_C5;Narbonne_H1
623;4;4;597;L1090_Na136_H1_I_C5;Narbonne_H1
624;3;4;597;L1090_Na136_H1_I_C5;Narbonne_H1
625;3;3;599;L1090_Na136_H1_I_C5;Narbonne_H1
626;2;3;601;L1130_Na1028_H1_I_CC5;Narbonne_H1
627;4;4;603;L1130_Na1028_H1_I_CC5bis;Narbonne_H1
628;4;4;605;F89-13-101-r2_H1_I_D4;Corse_H1
629;4;4;605;F89-13-101-r2_H1_I_D4;Corse_H1
630;4;4;607;F89-13-101-r2_H1_I_D4;Corse_H1
631;4;4;607;F89-13-101-r2_H1_I_D4;Corse_H1
632;6;6;609;F89-13-156-p2_H5_I_E1;Corse_H5
633;4;4;611;F89-13-155-p2_H1_I_E3;Corse_H1
634;4;4;611;F89-13-155-p2_H1_I_E3;Corse_H1
635;4;6;613;F89-13-155-p2_H1_I_E3;Corse_H1
636;4;4;615;F89-13-155-p2_H1_I_E3;Corse_H1
637;3;3;615;F89-13-155-p2_H1_I_E3;Corse_H1
638;2;4;617;F89-13-155-p2_H1_I_E3;Corse_H1
639;4;4;617;F89-13-155-p2_H1_I_E3;Corse_H1
640;1;4;619;F89-13-155-p2_H1_I_E3;Corse_H1
641;3;3;619;F89-13-155-p2_H1_I_E3;Corse_H1
642;0;4;621;F89-13-155-p2_H1_I_E3;Corse_H1
643;2;3;621;F89-13-155-p2_H1_I_E3;Corse_H1
644;2;4;623;F89-13-155-p2_H1_I_E3;Corse_H1
645;2;3;623;F89-13-155-p2_H1_I_E3;Corse_H1
646;4;4;625;F89-13-155-p2_H1_I_E3;Corse_H1
647;3;3;625;F89-13-155-p2_H1_I_E3;Corse_H1
648;2;4;627;F89-13-155-p2_H1_I_E3;Corse_H1
649;0;3;627;F89-13-155-p2_H1_I_E3;Corse_H1
650;3;4;629;F89-13-155-p2_H1_I_E3;Corse_H1
651;3;3;629;F89-13-155-p2_H1_I_E3;Corse_H1
652;1;4;631;F89-13-155-p2_H1_I_E3;Corse_H1
653;0;3;631;F89-13-155-p2_H1_I_E3;Corse_H1
654;4;5;633;L1110b_Na326_H5_I_E5;Narbonne_H5
655;1;4;635;L1110b_Na326_H5_I_E5;Narbonne_H5
656;2;3;635;L1110b_Na326_H5_I_E5;Narbonne_H5
657;0;4;637;F89-13-101-r2_H1_I_EE1;Corse_H1
658;3;3;637;F89-13-101-r2_H1_I_EE1;Corse_H1
659;3;4;639;F89-13-101-r2_H1_I_EE1;Corse_H1
660;3;3;639;F89-13-101-r2_H1_I_EE1;Corse_H1
661;4;4;641;F89-13-101-r2_H1_I_EE1;Corse_H1
662;4;4;641;F89-13-101-r2_H1_I_EE1;Corse_H1
663;5;5;643;F89-13-101-r2_H1_I_EE1;Corse_H1
664;3;4;645;L1110b_Na326_H5_I_EE3;Narbonne_H5
665;2;3;645;L1110b_Na326_H5_I_EE3;Narbonne_H5
666;3;3;647;L1130_Na1028_H1_I_F5;Narbonne_H1
667;4;4;647;L1130_Na1028_H1_I_F5;Narbonne_H1
668;3;4;649;L1130_Na1028_H1_I_F5;Narbonne_H1
669;4;4;649;L1130_Na1028_H1_I_F5;Narbonne_H1
670;1;4;651;L1130_Na1028_H1_I_F5;Narbonne_H1
671;4;4;651;L1130_Na1028_H1_I_F5;Narbonne_H1
672;2;4;653;L1130_Na1028_H1_I_F5;Narbonne_H1
673;3;3;653;L1130_Na1028_H1_I_F5;Narbonne_H1
674;0;4;655;F89-13-156-p2_H5_J_A1;Corse_H5
675;0;3;655;F89-13-156-p2_H5_J_A1;Corse_H5
676;2;4;657;F89-13-156-p2_H5_J_A1;Corse_H5
677;0;3;657;F89-13-156-p2_H5_J_A1;Corse_H5
678;2;4;659;F89-13-156-p2_H5_J_A1;Corse_H5
679;0;4;659;F89-13-156-p2_H5_J_A1;Corse_H5
680;0;4;661;F89-13-156-p2_H5_J_A1;Corse_H5
681;4;4;661;F89-13-156-p2_H5_J_A1;Corse_H5
682;4;4;663;F89-13-156-p2_H5_J_A1;Corse_H5
683;4;4;663;F89-13-156-p2_H5_J_A1;Corse_H5
684;5;5;665;F89-13-156-p2_H5_J_A1;Corse_H5
685;1;4;667;F89-13-156-p2_H5_J_A1;Corse_H5
686;3;4;667;F89-13-156-p2_H5_J_A1;Corse_H5
687;4;4;669;F89-13-156-p2_H5_J_A1;Corse_H5
688;3;3;669;F89-13-156-p2_H5_J_A1;Corse_H5
689;4;4;671;F89-13-156-p2_H5_J_A1;Corse_H5
690;4;4;671;F89-13-156-p2_H5_J_A1;Corse_H5
691;4;5;673;F89-13-156-p2_H5_J_A1;Corse_H5
692;2;4;675;F89-13-156-p2_H5_J_A1;Corse_H5
693;4;4;675;F89-13-156-p2_H5_J_A1;Corse_H5
694;4;4;677;F89-13-156-p2_H5_J_A1;Corse_H5
695;3;3;677;F89-13-156-p2_H5_J_A1;Corse_H5
696;2;5;679;F89-13-156-p2_H5_J_A1;Corse_H5
697;5;5;681;F89-13-42-b2_H4_2013_J_A5;Corse_H4
698;4;4;683;F89-13-42-b2_H4_2013_J_A5;Corse_H4
699;3;3;683;F89-13-42-b2_H4_2013_J_A5;Corse_H4
700;6;6;685;F89-13-42-b2_H4_2013_J_A5;Corse_H4
701;4;6;687;F89-13-42-b2_H4_2013_J_A5;Corse_H4
702;3;3;691;F89-13-46-b2_H4_2013_J_A6;Corse_H4
703;5;6;697;L1130_Na1028_H1_J_B4;Narbonne_H1
704;6;6;699;L1130_Na1028_H1_J_B4;Narbonne_H1
705;3;3;701;L1130_Na1028_H1_J_B4;Narbonne_H1
706;2;6;703;L1130_Na1028_H1_J_B4;Narbonne_H1
707;2;4;705;L1130_Na1028_H1_J_B4;Narbonne_H1
708;3;4;705;L1130_Na1028_H1_J_B4;Narbonne_H1
709;3;6;707;L1130_Na1028_H1_J_B4;Narbonne_H1
710;1;1;709;L1130_Na1028_H1_J_B4;Narbonne_H1
711;2;4;711;L1086_Na121_H4_J_CC5;Narbonne_H4
712;1;3;711;L1086_Na121_H4_J_CC5;Narbonne_H4
713;2;4;713;L1086_Na121_H4_J_CC5;Narbonne_H4
714;1;3;713;L1086_Na121_H4_J_CC5;Narbonne_H4
715;0;4;715;L1086_Na121_H4_J_CC5;Narbonne_H4
716;2;4;715;L1086_Na121_H4_J_CC5;Narbonne_H4
717;3;6;717;L1086_Na121_H4_J_CC5;Narbonne_H4
718;4;6;719;L1086_Na121_H4_J_CC5;Narbonne_H4
719;0;1;721;L1086_Na121_H4_J_CC5;Narbonne_H4
720;0;4;723;F89-13-156-p2_H5_J_D1;Corse_H5
721;0;4;723;F89-13-156-p2_H5_J_D1;Corse_H5
722;6;6;725;F89-13-156-p2_H5_J_D1;Corse_H5
723;4;4;727;F89-13-155-p2_H1_J_E6;Corse_H1
724;4;4;727;F89-13-155-p2_H1_J_E6;Corse_H1
725;6;6;729;F89-13-155-p2_H1_J_E6;Corse_H1
726;6;6;731;F89-13-155-p2_H1_J_E6;Corse_H1
727;6;6;735;F89-13-156-p2_H5_J_F2;Corse_H5
728;4;4;739;ESP-163-2009-10_H2_N_A1;Espagne_H2
729;3;3;739;ESP-163-2009-10_H2_N_A1;Espagne_H2
730;4;4;741;ESP-163-2009-10_H2_N_A1;Espagne_H2
731;4;4;741;ESP-163-2009-10_H2_N_A1;Espagne_H2
732;5;6;743;ESP-163-2009-10_H2_N_A1;Espagne_H2
733;4;4;745;ESP-163-2009-10_H2_N_A1;Espagne_H2
734;4;4;747;ESP-163-2009-10_H2_N_A1;Espagne_H2
735;2;3;747;ESP-163-2009-10_H2_N_A1;Espagne_H2
736;5;5;749;ESP-163-2009-10_H2_N_A1;Espagne_H2
737;6;6;751;ESP-163-2009-10_H2_N_A1;Espagne_H2
738;6;6;753;ESP-163-2009-10_H2_N_A1;Espagne_H2
739;5;5;755;ESP-163-2009-10_H2_N_A1;Espagne_H2
740;4;4;757;ESP-163-2009-10_H2_N_A1;Espagne_H2
741;3;3;759;ESP-163-2009-10_H2_N_A1;Espagne_H2
742;2;4;761;ESP-163-2009-10_H2_N_A1;Espagne_H2
743;5;5;763;ESP-163-2009-10_H2_N_A1;Espagne_H2
744;4;4;765;ESP-163-2009-10_H2_N_A1;Espagne_H2
745;3;3;765;ESP-163-2009-10_H2_N_A1;Espagne_H2
746;4;4;767;ESP-163-2009-10_H2_N_A1;Espagne_H2
747;4;4;769;ESP-163-2009-10_H2_N_A1;Espagne_H2
748;4;4;769;ESP-163-2009-10_H2_N_A1;Espagne_H2
749;4;4;771;ESP-163-2009-10_H2_N_A1;Espagne_H2
750;4;4;771;ESP-163-2009-10_H2_N_A1;Espagne_H2
751;6;6;773;ESP-163-2009-10_H2_N_A1;Espagne_H2
752;6;6;775;Inconnu?_N_A34;NA
753;2;4;777;Inconnu?_N_A34;NA
754;6;6;779;Inconnu?_N_A34;NA
755;0;3;783;Inconnu?_N_A5;NA
756;5;5;785;Inconnu?_N_A6;NA
757;4;4;787;Inconnu?_N_A6;NA
758;2;2;789;Inconnu?_N_A6;NA
759;3;4;791;L1110b_Na326_H5_N_AA5;Narbonne_H5
760;1;3;791;L1110b_Na326_H5_N_AA5;Narbonne_H5
761;5;5;793;L1110b_Na326_H5_N_AA5;Narbonne_H5
762;2;4;795;L1110b_Na326_H5_N_AA5;Narbonne_H5
763;4;4;797;F89-13-101-r2_H1_N_C1;Corse_H1
764;0;4;799;L1130_Na1028_H1_N_C4;Narbonne_H1
765;1;3;799;L1130_Na1028_H1_N_C4;Narbonne_H1
766;4;4;801;L1130_Na1028_H1_N_C4;Narbonne_H1
767;3;3;801;L1130_Na1028_H1_N_C4;Narbonne_H1
768;3;4;803;L1130_Na1028_H1_N_C4;Narbonne_H1
769;1;3;803;L1130_Na1028_H1_N_C4;Narbonne_H1
770;6;6;805;L1130_Na1028_H1_N_C4;Narbonne_H1
771;2;4;807;L1130_Na1028_H1_N_C4;Narbonne_H1
772;2;4;807;L1130_Na1028_H1_N_C4;Narbonne_H1
773;2;4;809;L1130_Na1028_H1_N_C4;Narbonne_H1
774;0;3;809;L1130_Na1028_H1_N_C4;Narbonne_H1
775;0;4;811;L1130_Na1028_H1_N_C4;Narbonne_H1
776;0;4;811;L1130_Na1028_H1_N_C4;Narbonne_H1
777;0;4;813;L1130_Na1028_H1_N_C4;Narbonne_H1
778;0;3;813;L1130_Na1028_H1_N_C4;Narbonne_H1
779;3;6;815;L1130_Na1028_H1_N_C4;Narbonne_H1
780;1;5;817;L1130_Na1028_H1_N_C4;Narbonne_H1
781;3;4;819;L1130_Na1028_H1_N_C4;Narbonne_H1
782;3;3;819;L1130_Na1028_H1_N_C4;Narbonne_H1
783;3;5;821;L1130_Na1028_H1_N_C4;Narbonne_H1
784;6;6;823;L1130_Na1028_H1_N_C4;Narbonne_H1
785;4;4;825;L1130_Na1028_H1_N_C4;Narbonne_H1
786;3;3;825;L1130_Na1028_H1_N_C4;Narbonne_H1
787;2;4;827;L1130_Na1028_H1_N_C4;Narbonne_H1
788;4;4;829;L1130_Na1028_H1_N_C4;Narbonne_H1
789;3;4;829;L1130_Na1028_H1_N_C4;Narbonne_H1
790;6;6;831;L1130_Na1028_H1_N_C4;Narbonne_H1
791;0;4;833;L1130_Na1028_H1_N_C4;Narbonne_H1
792;2;3;833;L1130_Na1028_H1_N_C4;Narbonne_H1
793;3;4;835;L1130_Na1028_H1_N_C4;Narbonne_H1
794;2;3;837;L1130_Na1028_H1_N_C4;Narbonne_H1
795;2;5;839;L1130_Na1028_H1_N_C4;Narbonne_H1
796;0;5;841;F89-13-155-p2_H1_N_C6;Corse_H1
797;1;4;843;F89-13-155-p2_H1_N_C6;Corse_H1
798;5;5;845;F89-13-155-p2_H1_N_C6;Corse_H1
799;5;6;847;F89-13-155-p2_H1_N_C6;Corse_H1
800;2;3;849;F89-13-155-p2_H1_N_C6;Corse_H1
801;0;2;851;F89-13-155-p2_H1_N_C6;Corse_H1
802;5;5;853;L1110b_Na326_H5_N_CC1;Narbonne_H5
803;6;6;855;L1110b_Na326_H5_N_CC1;Narbonne_H5
804;0;1;857;L1110b_Na326_H5_N_CC1;Narbonne_H5
805;1;1;859;L1110b_Na326_H5_N_CC1;Narbonne_H5
806;5;5;861;L1125_Na657_H8_N_D1;Narbonne_H8
807;3;4;863;F89-13-46-b2_H4_2013_N_E1;Corse_H4
808;3;3;863;F89-13-46-b2_H4_2013_N_E1;Corse_H4
809;4;4;865;F89-13-46-b2_H4_2013_N_E1;Corse_H4
810;3;3;865;F89-13-46-b2_H4_2013_N_E1;Corse_H4
811;4;4;867;F89-13-46-b2_H4_2013_N_E1;Corse_H4
812;3;3;867;F89-13-46-b2_H4_2013_N_E1;Corse_H4
813;2;4;869;F89-13-46-b2_H4_2013_N_E1;Corse_H4
814;3;3;869;F89-13-46-b2_H4_2013_N_E1;Corse_H4
815;4;6;871;F89-13-46-b2_H4_2013_N_E1;Corse_H4
816;6;6;873;F89-13-46-b2_H4_2013_N_E1;Corse_H4
817;3;4;875;F89-13-46-b2_H4_2013_N_E1;Corse_H4
818;3;3;875;F89-13-46-b2_H4_2013_N_E1;Corse_H4
819;5;6;877;F89-13-46-b2_H4_2013_N_E1;Corse_H4
820;6;6;879;F89-13-46-b2_H4_2013_N_E1;Corse_H4
821;2;4;881;F89-13-46-b2_H4_2013_N_E1;Corse_H4
822;3;4;881;F89-13-46-b2_H4_2013_N_E1;Corse_H4
823;4;4;883;F89-13-46-b2_H4_2013_N_E1;Corse_H4
824;3;3;883;F89-13-46-b2_H4_2013_N_E1;Corse_H4
825;4;6;885;F89-13-46-b2_H4_2013_N_E1;Corse_H4
826;4;5;887;F89-13-46-b2_H4_2013_N_E1;Corse_H4
827;4;4;889;F89-13-46-b2_H4_2013_N_E1;Corse_H4
828;4;5;891;F89-13-46-b2_H4_2013_N_E1;Corse_H4
829;4;4;893;F89-13-46-b2_H4_2013_N_E1;Corse_H4
830;4;4;895;L1086_Na121_H4_N_E3;Narbonne_H4
831;3;3;895;L1086_Na121_H4_N_E3;Narbonne_H4
832;3;4;897;L1086_Na121_H4_N_E3;Narbonne_H4
833;4;4;897;L1086_Na121_H4_N_E3;Narbonne_H4
834;5;6;899;L1086_Na121_H4_N_E3;Narbonne_H4
835;4;4;901;L1086_Na121_H4_N_E3;Narbonne_H4
836;4;4;901;L1086_Na121_H4_N_E3;Narbonne_H4
837;3;4;903;L1086_Na121_H4_N_E3;Narbonne_H4
838;3;3;903;L1086_Na121_H4_N_E3;Narbonne_H4
839;5;6;905;L1086_Na121_H4_N_E3;Narbonne_H4
840;4;4;907;L1086_Na121_H4_N_E3;Narbonne_H4
841;3;3;907;L1086_Na121_H4_N_E3;Narbonne_H4
842;5;5;909;L1086_Na121_H4_N_E3;Narbonne_H4
843;5;5;911;L1086_Na121_H4_N_E3;Narbonne_H4
844;3;4;913;L1086_Na121_H4_N_E3;Narbonne_H4
845;3;6;915;L1086_Na121_H4_N_E3;Narbonne_H4
846;5;6;917;L1086_Na121_H4_N_E3;Narbonne_H4
847;4;4;919;L1086_Na121_H4_N_E3;Narbonne_H4
848;2;3;919;L1086_Na121_H4_N_E3;Narbonne_H4
849;4;4;921;L1086_Na121_H4_N_E3;Narbonne_H4
850;4;4;921;L1086_Na121_H4_N_E3;Narbonne_H4
851;5;6;923;L1086_Na121_H4_N_E3;Narbonne_H4
852;5;6;925;L1086_Na121_H4_N_E3;Narbonne_H4
853;3;6;927;L1107_Na234_H2_N_E4;Narbonne_H2
854;5;6;929;L1107_Na234_H2_N_E4;Narbonne_H2
855;0;4;931;L1105_Na21_H2_N_E5;Narbonne_H2
856;3;3;931;L1105_Na21_H2_N_E5;Narbonne_H2
857;3;5;933;L1105_Na21_H2_N_E5;Narbonne_H2
858;1;5;935;L1105_Na21_H2_N_E5;Narbonne_H2
859;6;6;937;L1105_Na21_H2_N_E5;Narbonne_H2
860;2;5;939;L1105_Na21_H2_N_E5;Narbonne_H2
861;4;4;941;L1105_Na21_H2_N_E5;Narbonne_H2
862;1;2;943;Inconnu?_N_F0;NA
863;0;3;945;L1119_Na545_H50_N_F3;Narbonne_H50
864;4;6;947;L1123_Na632_H8_P_B2;Narbonne_H8
865;2;2;949;L1123_Na632_H8_P_B2;Narbonne_H8
866;3;6;951;L1090_Na136_H1_P_C1;Narbonne_H1
867;4;4;953;L1090_Na136_H1_P_C1;Narbonne_H1
868;2;3;953;L1090_Na136_H1_P_C1;Narbonne_H1
869;1;5;957;L1105_Na21_H2_P_CC3;Narbonne_H2
870;3;4;959;L1105_Na21_H2_P_CC3;Narbonne_H2
871;4;5;961;L1105_Na21_H2_P_CC3;Narbonne_H2
872;4;5;963;L1105_Na21_H2_P_CC3;Narbonne_H2
873;2;4;965;L1105_Na21_H2_P_CC3;Narbonne_H2
874;1;3;965;L1105_Na21_H2_P_CC3;Narbonne_H2
875;4;5;967;L1105_Na21_H2_P_CC3;Narbonne_H2
876;4;4;969;F89-13-156-p2_H5_P_E2;Corse_H5
877;3;3;969;F89-13-156-p2_H5_P_E2;Corse_H5
878;1;1;971;F89-13-156-p2_H5_P_E2;Corse_H5
879;4;4;973;F89-13-156-p2_H5_P_E2;Corse_H5
880;4;4;975;L1107_Na234_H2_P_E4;Narbonne_H2
881;3;3;975;L1107_Na234_H2_P_E4;Narbonne_H2
882;5;6;977;L1107_Na234_H2_P_E4;Narbonne_H2
883;4;4;979;L1107_Na234_H2_P_E4;Narbonne_H2
884;3;3;979;L1107_Na234_H2_P_E4;Narbonne_H2
885;2;4;981;L1107_Na234_H2_P_E4;Narbonne_H2
886;2;4;983;L1107_Na234_H2_P_E4;Narbonne_H2
887;3;3;983;L1107_Na234_H2_P_E4;Narbonne_H2
888;4;5;985;L1107_Na234_H2_P_E4;Narbonne_H2
889;3;4;987;L1107_Na234_H2_P_E4;Narbonne_H2
890;1;3;987;L1107_Na234_H2_P_E4;Narbonne_H2
891;3;6;989;L1107_Na234_H2_P_E4;Narbonne_H2
892;4;4;991;F89-13-155-p2_H1_P_EE1;Corse_H1
893;4;4;991;F89-13-155-p2_H1_P_EE1;Corse_H1
894;1;6;332;L1090_Na136_H1_B_E3;Narbonne_H1
895;3;4;334;L1090_Na136_H1_B_E5;Narbonne_H1
896;3;3;334;L1090_Na136_H1_B_E5;Narbonne_H1
897;1;6;336;L1090_Na136_H1_B_E5;Narbonne_H1
898;1;4;338;L1096b_Na156_H4_B_E6;Narbonne_H4
899;1;3;338;L1096b_Na156_H4_B_E6;Narbonne_H4
900;0;4;340;L1096b_Na156_H4_B_E6;Narbonne_H4
901;1;3;340;L1096b_Na156_H4_B_E6;Narbonne_H4
902;2;4;342;L1096b_Na156_H4_B_E6;Narbonne_H4
903;1;4;342;L1096b_Na156_H4_B_E6;Narbonne_H4
904;1;4;344;L1096b_Na156_H4_B_E6;Narbonne_H4
905;2;4;344;L1096b_Na156_H4_B_E6;Narbonne_H4
906;2;4;346;L1096b_Na156_H4_B_E6;Narbonne_H4
907;0;3;346;L1096b_Na156_H4_B_E6;Narbonne_H4
908;1;2;348;L1096b_Na156_H4_B_E6;Narbonne_H4
909;1;3;350;L1096b_Na156_H4_B_E6;Narbonne_H4
910;4;4;352;L1109_Na314_H5_B_EE1;Narbonne_H5
911;3;3;352;L1109_Na314_H5_B_EE1;Narbonne_H5
912;3;4;354;L1109_Na314_H5_B_EE1;Narbonne_H5
913;2;3;354;L1109_Na314_H5_B_EE1;Narbonne_H5
914;2;2;356;L1109_Na314_H5_B_EE1;Narbonne_H5
915;3;4;358;L1109_Na314_H5_B_EE1;Narbonne_H5
916;3;4;360;ESP-163-2009-08_H2_B_F3;Espagne_H2
917;4;4;360;ESP-163-2009-08_H2_B_F3;Espagne_H2
918;4;4;362;ESP-163-2009-08_H2_B_F3;Espagne_H2
919;4;4;362;ESP-163-2009-08_H2_B_F3;Espagne_H2
920;3;4;364;ESP-163-2009-08_H2_B_F3;Espagne_H2
921;3;3;364;ESP-163-2009-08_H2_B_F3;Espagne_H2
922;5;5;366;ESP-163-2009-08_H2_B_F3;Espagne_H2
923;3;4;366;ESP-163-2009-08_H2_B_F3;Espagne_H2
924;5;5;368;ESP-163-2009-08_H2_B_F3;Espagne_H2
925;3;4;368;ESP-163-2009-08_H2_B_F3;Espagne_H2
926;4;4;370;ESP-163-2009-08_H2_B_F3;Espagne_H2
927;1;3;370;ESP-163-2009-08_H2_B_F3;Espagne_H2
928;4;5;372;ESP-163-2009-08_H2_B_F3;Espagne_H2
929;1;1;374;ESP-163-2009-08_H2_B_F3;Espagne_H2
930;2;3;376;ESP-163-2009-08_H2_B_F3;Espagne_H2
931;3;4;378;F89-13-46-b2_H4_2013_B_F6;Corse_H4
932;3;3;378;F89-13-46-b2_H4_2013_B_F6;Corse_H4
933;6;6;380;Inconnu?_E_A12;NA
934;5;6;382;Inconnu?_E_A12;NA
935;2;3;384;Inconnu?_E_A12;NA
936;2;4;386;Inconnu?_E_A12;NA
937;0;3;386;Inconnu?_E_A12;NA
938;2;3;388;Inconnu?_E_A12;NA
939;3;6;390;Inconnu?_E_A12;NA
940;2;6;392;Inconnu?_E_A12;NA
941;3;4;394;Inconnu?_E_A12;NA
942;4;4;396;Inconnu?_E_A12;NA
943;0;5;398;Inconnu?_E_A12;NA
944;0;5;400;F89-13-46-b2_H4_2013_E_A2;Corse_H4
945;1;4;402;F89-13-46-b2_H4_2013_E_A2;Corse_H4
946;0;6;404;L1125_Na657_H8_E_A3;Narbonne_H8
947;2;6;406;F89-13-156-p2_H5_E_A6;Corse_H5
948;1;2;408;F89-13-156-p2_H5_E_A6;Corse_H5
949;0;5;410;F89-13-156-p2_H5_E_A6;Corse_H5
950;4;4;412;F89-13-42-b2_H4_2013_E_B2;Corse_H4
951;4;4;412;F89-13-42-b2_H4_2013_E_B2;Corse_H4
952;4;6;414;F89-13-42-b2_H4_2013_E_B2;Corse_H4
953;6;6;416;F89-13-42-b2_H4_2013_E_B2;Corse_H4
954;4;4;418;F89-13-42-b2_H4_2013_E_B2;Corse_H4
955;3;3;418;F89-13-42-b2_H4_2013_E_B2;Corse_H4
956;2;3;420;F89-13-42-b2_H4_2013_E_B2;Corse_H4
957;4;4;422;F89-13-155-p2_H1_E_CC3;Corse_H1
958;2;3;422;F89-13-155-p2_H1_E_CC3;Corse_H1
959;5;6;424;F89-13-155-p2_H1_E_CC3;Corse_H1
960;2;3;426;F89-13-155-p2_H1_E_CC3;Corse_H1
961;6;6;428;F89-13-155-p2_H1_E_CC5;Corse_H1
962;5;6;430;L1119_Na545_H50_E_D1;Narbonne_H50
963;5;6;432;L1119_Na545_H50_E_D1;Narbonne_H50
964;4;4;434;L1119_Na545_H50_E_D1;Narbonne_H50
965;3;3;434;L1119_Na545_H50_E_D1;Narbonne_H50
966;5;6;436;L1119_Na545_H50_E_D1;Narbonne_H50
967;4;4;438;L1119_Na545_H50_E_D1;Narbonne_H50
968;4;4;438;L1119_Na545_H50_E_D1;Narbonne_H50
969;4;5;440;L1119_Na545_H50_E_D1;Narbonne_H50
970;2;4;442;L1119_Na545_H50_E_D1;Narbonne_H50
971;2;3;442;L1119_Na545_H50_E_D1;Narbonne_H50
972;3;4;444;L1119_Na545_H50_E_D1;Narbonne_H50
973;4;4;444;L1119_Na545_H50_E_D1;Narbonne_H50
974;5;6;446;L1119_Na545_H50_E_D1;Narbonne_H50
975;4;4;448;L1119_Na545_H50_E_D1;Narbonne_H50
976;2;3;448;L1119_Na545_H50_E_D1;Narbonne_H50
977;3;5;450;L1119_Na545_H50_E_D1;Narbonne_H50
978;1;2;452;L1119_Na545_H50_E_D1;Narbonne_H50
979;0;2;454;L1119_Na545_H50_E_D1;Narbonne_H50
980;3;5;456;L1119_Na545_H50_E_D1;Narbonne_H50
981;3;4;458;L1119_Na545_H50_E_D1;Narbonne_H50
982;3;3;458;L1119_Na545_H50_E_D1;Narbonne_H50
983;3;4;460;L1119_Na545_H50_E_D1;Narbonne_H50
984;4;4;460;L1119_Na545_H50_E_D1;Narbonne_H50
985;3;4;462;L1119_Na545_H50_E_D1;Narbonne_H50
986;4;4;462;L1119_Na545_H50_E_D1;Narbonne_H50
987;1;4;464;L1086_Na121_H4_E_D2;Narbonne_H4
988;4;4;464;L1086_Na121_H4_E_D2;Narbonne_H4
989;4;5;466;L1086_Na121_H4_E_D2;Narbonne_H4
990;4;4;468;ESP-163-2009-01_H3_E_D3;Espagne_H3
991;0;3;468;ESP-163-2009-01_H3_E_D3;Espagne_H3
992;4;4;470;ESP-163-2009-01_H3_E_D3;Espagne_H3
993;3;4;470;ESP-163-2009-01_H3_E_D3;Espagne_H3
994;1;4;472;ESP-163-2009-01_H3_E_D3;Espagne_H3
995;2;4;472;ESP-163-2009-01_H3_E_D3;Espagne_H3
996;5;5;474;ESP-163-2009-01_H3_E_D3;Espagne_H3
997;4;4;474;ESP-163-2009-01_H3_E_D3;Espagne_H3
998;1;4;476;ESP-163-2009-01_H3_E_D3;Espagne_H3
999;1;3;476;ESP-163-2009-01_H3_E_D3;Espagne_H3
1000;4;4;478;ESP-163-2009-01_H3_E_D3;Espagne_H3
1001;4;4;478;ESP-163-2009-01_H3_E_D3;Espagne_H3
1002;3;4;480;ESP-163-2009-01_H3_E_D3;Espagne_H3
1003;0;4;480;ESP-163-2009-01_H3_E_D3;Espagne_H3
1004;3;4;482;ESP-163-2009-01_H3_E_D3;Espagne_H3
1005;3;3;482;ESP-163-2009-01_H3_E_D3;Espagne_H3
1006;5;5;484;ESP-163-2009-01_H3_E_D3;Espagne_H3
1007;3;4;484;ESP-163-2009-01_H3_E_D3;Espagne_H3
1008;3;4;486;ESP-163-2009-01_H3_E_D3;Espagne_H3
1009;3;3;486;ESP-163-2009-01_H3_E_D3;Espagne_H3
1010;6;6;488;ESP-163-2009-01_H3_E_D3;Espagne_H3
1011;4;4;490;ESP-163-2009-01_H3_E_D3;Espagne_H3
1012;1;3;490;ESP-163-2009-01_H3_E_D3;Espagne_H3
1013;4;6;492;ESP-163-2009-01_H3_E_D3;Espagne_H3
1014;3;4;494;L1119_Na545_H50_E_D4;Narbonne_H50
1015;3;3;494;L1119_Na545_H50_E_D4;Narbonne_H50
1016;4;4;496;L1119_Na545_H50_E_D4;Narbonne_H50
1017;3;3;496;L1119_Na545_H50_E_D4;Narbonne_H50
1018;4;6;498;L1119_Na545_H50_E_D4;Narbonne_H50
1019;4;4;500;L1119_Na545_H50_E_D4;Narbonne_H50
1020;2;3;500;L1119_Na545_H50_E_D4;Narbonne_H50
1021;6;6;502;L1119_Na545_H50_E_D4;Narbonne_H50
1022;3;4;504;L1119_Na545_H50_E_D4;Narbonne_H50
1023;3;3;504;L1119_Na545_H50_E_D4;Narbonne_H50
1024;6;6;506;L1119_Na545_H50_E_D4;Narbonne_H50
1025;4;4;508;L1119_Na545_H50_E_D4;Narbonne_H50
1026;4;4;508;L1119_Na545_H50_E_D4;Narbonne_H50
1027;6;6;510;L1119_Na545_H50_E_D4;Narbonne_H50
1028;4;5;512;L1119_Na545_H50_E_D4;Narbonne_H50
1029;5;5;514;L1119_Na545_H50_E_D4;Narbonne_H50
1030;4;4;516;L1119_Na545_H50_E_D4;Narbonne_H50
1031;4;4;518;L1090_Na136_H1_E_E2;Narbonne_H1
1032;4;4;518;L1090_Na136_H1_E_E2;Narbonne_H1
1033;4;4;520;L1090_Na136_H1_E_E2;Narbonne_H1
1034;3;4;520;L1090_Na136_H1_E_E2;Narbonne_H1
1035;5;5;522;L1090_Na136_H1_E_E2;Narbonne_H1
1036;2;3;524;L1090_Na136_H1_E_E2;Narbonne_H1
1037;6;6;526;L1090_Na136_H1_E_E2;Narbonne_H1
1038;5;6;528;L1096b_Na156_H4_E_E4;Narbonne_H4
1039;5;6;530;L1096b_Na156_H4_E_E4;Narbonne_H4
1040;4;5;532;L1096b_Na156_H4_E_E4;Narbonne_H4
1041;4;4;534;L1096b_Na156_H4_E_EE1;Narbonne_H4
1042;4;4;534;L1096b_Na156_H4_E_EE1;Narbonne_H4
1043;3;4;536;L1096b_Na156_H4_E_EE1;Narbonne_H4
1044;2;3;536;L1096b_Na156_H4_E_EE1;Narbonne_H4
1045;4;4;538;L1096b_Na156_H4_E_EE1;Narbonne_H4
1046;4;4;540;Inconnu?_E_EE5;NA
1047;2;3;540;Inconnu?_E_EE5;NA
1048;5;6;542;Inconnu?_E_EE5;NA
1049;4;4;544;Inconnu?_E_EE5;NA
1050;3;3;544;Inconnu?_E_EE5;NA
1051;4;4;546;L1110b_Na326_H5_E_F3;Narbonne_H5
1052;4;4;546;L1110b_Na326_H5_E_F3;Narbonne_H5
1053;6;6;548;L1110b_Na326_H5_E_F3;Narbonne_H5
1054;2;2;550;L1110b_Na326_H5_E_F3;Narbonne_H5
1055;5;5;554;F89-13-46-b2_H4_2013_I_A1;Corse_H4
1056;4;4;554;F89-13-46-b2_H4_2013_I_A1;Corse_H4
1057;4;4;556;F89-13-156-p2_H5_I_A2;Corse_H5
1058;3;3;556;F89-13-156-p2_H5_I_A2;Corse_H5
1059;2;4;558;F89-13-156-p2_H5_I_A2;Corse_H5
1060;2;3;558;F89-13-156-p2_H5_I_A2;Corse_H5
1061;4;5;560;F89-13-156-p2_H5_I_A2;Corse_H5
1062;4;4;564;L1123_Na632_H8_I_A5;Narbonne_H8
1063;3;3;564;L1123_Na632_H8_I_A5;Narbonne_H8
1064;4;4;566;L1123_Na632_H8_I_A5;Narbonne_H8
1065;3;3;566;L1123_Na632_H8_I_A5;Narbonne_H8
1066;5;6;568;L1123_Na632_H8_I_A5;Narbonne_H8
1067;3;4;570;L1123_Na632_H8_I_A5;Narbonne_H8
1068;3;3;570;L1123_Na632_H8_I_A5;Narbonne_H8
1069;6;6;572;L1123_Na632_H8_I_A5;Narbonne_H8
1070;4;4;574;L1105_Na21_H2_I_A6;Narbonne_H2
1071;2;3;574;L1105_Na21_H2_I_A6;Narbonne_H2
1072;4;5;576;L1105_Na21_H2_I_A6;Narbonne_H2
1073;3;4;576;L1105_Na21_H2_I_A6;Narbonne_H2
1074;2;3;914;L1086_Na121_H4_N_E3;Narbonne_H4
1075;4;4;916;L1086_Na121_H4_N_E3;Narbonne_H4
1076;5;5;918;L1086_Na121_H4_N_E3;Narbonne_H4
1077;4;4;920;L1086_Na121_H4_N_E3;Narbonne_H4
1078;5;5;922;L1086_Na121_H4_N_E3;Narbonne_H4
1079;4;4;924;L1086_Na121_H4_N_E3;Narbonne_H4
1080;2;3;924;L1086_Na121_H4_N_E3;Narbonne_H4
1081;5;5;926;L1086_Na121_H4_N_E3;Narbonne_H4
1082;5;6;928;L1107_Na234_H2_N_E4;Narbonne_H2
1083;6;6;930;L1105_Na21_H2_N_E5;Narbonne_H2
1084;5;6;932;L1105_Na21_H2_N_E5;Narbonne_H2
1085;6;6;934;L1105_Na21_H2_N_E5;Narbonne_H2
1086;5;6;936;L1105_Na21_H2_N_E5;Narbonne_H2
1087;3;4;938;L1105_Na21_H2_N_E5;Narbonne_H2
1088;3;3;938;L1105_Na21_H2_N_E5;Narbonne_H2
1089;5;5;940;L1105_Na21_H2_N_E5;Narbonne_H2
1090;5;5;944;L1119_Na545_H50_N_F3;Narbonne_H50
1091;4;6;946;L1123_Na632_H8_P_B2;Narbonne_H8
1092;5;5;948;L1123_Na632_H8_P_B2;Narbonne_H8
1093;3;4;950;L1090_Na136_H1_P_C1;Narbonne_H1
1094;4;4;950;L1090_Na136_H1_P_C1;Narbonne_H1
1095;4;5;952;L1090_Na136_H1_P_C1;Narbonne_H1
1096;3;4;952;L1090_Na136_H1_P_C1;Narbonne_H1
1097;5;6;954;L1090_Na136_H1_P_C1;Narbonne_H1
1098;1;4;956;L1105_Na21_H2_P_CC3;Narbonne_H2
1099;2;3;956;L1105_Na21_H2_P_CC3;Narbonne_H2
1100;2;4;958;L1105_Na21_H2_P_CC3;Narbonne_H2
1101;3;3;958;L1105_Na21_H2_P_CC3;Narbonne_H2
1102;4;5;960;L1105_Na21_H2_P_CC3;Narbonne_H2
1103;1;4;962;L1105_Na21_H2_P_CC3;Narbonne_H2
1104;2;3;962;L1105_Na21_H2_P_CC3;Narbonne_H2
1105;3;4;964;L1105_Na21_H2_P_CC3;Narbonne_H2
1106;2;3;966;L1105_Na21_H2_P_CC3;Narbonne_H2
1107;3;3;968;L1105_Na21_H2_P_CC3;Narbonne_H2
1108;3;4;970;F89-13-156-p2_H5_P_E2;Corse_H5
1109;4;4;970;F89-13-156-p2_H5_P_E2;Corse_H5
1110;4;5;972;F89-13-156-p2_H5_P_E2;Corse_H5
1111;4;4;974;L1107_Na234_H2_P_E4;Narbonne_H2
1112;3;3;974;L1107_Na234_H2_P_E4;Narbonne_H2
1113;4;4;976;L1107_Na234_H2_P_E4;Narbonne_H2
1114;3;3;976;L1107_Na234_H2_P_E4;Narbonne_H2
1115;3;6;978;L1107_Na234_H2_P_E4;Narbonne_H2
1116;4;6;980;L1107_Na234_H2_P_E4;Narbonne_H2
1117;2;4;982;L1107_Na234_H2_P_E4;Narbonne_H2
1118;1;4;984;L1107_Na234_H2_P_E4;Narbonne_H2
1119;2;3;984;L1107_Na234_H2_P_E4;Narbonne_H2
1120;4;6;986;L1107_Na234_H2_P_E4;Narbonne_H2
1121;3;4;988;L1107_Na234_H2_P_E4;Narbonne_H2
1122;2;3;988;L1107_Na234_H2_P_E4;Narbonne_H2
1123;0;4;990;L1107_Na234_H2_P_E4;Narbonne_H2
1124;1;3;990;L1107_Na234_H2_P_E4;Narbonne_H2
1125;3;5;992;F89-13-155-p2_H1_P_EE1;Corse_H1
1126;5;5;578;L1105_Na21_H2_I_A6;Narbonne_H2
1127;4;4;578;L1105_Na21_H2_I_A6;Narbonne_H2
1128;4;4;580;L1105_Na21_H2_I_A6;Narbonne_H2
1129;5;6;582;L1105_Na21_H2_I_A6;Narbonne_H2
1130;3;4;584;L1105_Na21_H2_I_A6;Narbonne_H2
1131;4;4;584;L1105_Na21_H2_I_A6;Narbonne_H2
1132;3;4;586;L1105_Na21_H2_I_A6;Narbonne_H2
1133;3;3;586;L1105_Na21_H2_I_A6;Narbonne_H2
1134;5;5;588;L1107_Na234_H2_I_AA5;Narbonne_H2
1135;4;4;590;L1107_Na234_H2_I_AA5;Narbonne_H2
1136;6;6;592;F89-13-156-p2_H5_I_B6;Corse_H5
1137;3;4;594;L1090_Na136_H1_I_C5;Narbonne_H1
1138;4;4;594;L1090_Na136_H1_I_C5;Narbonne_H1
1139;5;5;596;L1090_Na136_H1_I_C5;Narbonne_H1
1140;0;1;598;L1090_Na136_H1_I_C5;Narbonne_H1
1141;5;6;600;L1130_Na1028_H1_I_CC5;Narbonne_H1
1142;4;6;602;L1130_Na1028_H1_I_CC5bis;Narbonne_H1
1143;6;6;604;L1130_Na1028_H1_I_CC5bis;Narbonne_H1
1145;4;4;606;F89-13-101-r2_H1_I_D4;Corse_H1
1146;4;4;606;F89-13-101-r2_H1_I_D4;Corse_H1
1147;3;4;608;F89-13-156-p2_H5_I_E1;Corse_H5
1148;3;3;608;F89-13-156-p2_H5_I_E1;Corse_H5
1149;4;4;610;F89-13-156-p2_H5_I_E1;Corse_H5
1150;3;3;610;F89-13-156-p2_H5_I_E1;Corse_H5
1151;4;4;612;F89-13-155-p2_H1_I_E3;Corse_H1
1152;3;3;612;F89-13-155-p2_H1_I_E3;Corse_H1
1153;3;5;614;F89-13-155-p2_H1_I_E3;Corse_H1
1154;4;4;614;F89-13-155-p2_H1_I_E3;Corse_H1
1155;4;4;616;F89-13-155-p2_H1_I_E3;Corse_H1
1156;3;3;616;F89-13-155-p2_H1_I_E3;Corse_H1
1157;4;4;618;F89-13-155-p2_H1_I_E3;Corse_H1
1158;3;3;618;F89-13-155-p2_H1_I_E3;Corse_H1
1159;2;4;620;F89-13-155-p2_H1_I_E3;Corse_H1
1160;3;4;620;F89-13-155-p2_H1_I_E3;Corse_H1
1161;3;4;622;F89-13-155-p2_H1_I_E3;Corse_H1
1162;3;3;622;F89-13-155-p2_H1_I_E3;Corse_H1
1163;4;4;624;F89-13-155-p2_H1_I_E3;Corse_H1
1164;4;4;624;F89-13-155-p2_H1_I_E3;Corse_H1
1165;4;4;626;F89-13-155-p2_H1_I_E3;Corse_H1
1166;3;3;626;F89-13-155-p2_H1_I_E3;Corse_H1
1167;4;4;628;F89-13-155-p2_H1_I_E3;Corse_H1
1168;3;3;628;F89-13-155-p2_H1_I_E3;Corse_H1
1169;3;4;630;F89-13-155-p2_H1_I_E3;Corse_H1
1170;3;3;630;F89-13-155-p2_H1_I_E3;Corse_H1
1171;2;5;632;L1110b_Na326_H5_I_E5;Narbonne_H5
1172;3;4;634;L1110b_Na326_H5_I_E5;Narbonne_H5
1173;2;3;634;L1110b_Na326_H5_I_E5;Narbonne_H5
1174;3;6;636;L1110b_Na326_H5_I_E5;Narbonne_H5
1175;1;4;638;F89-13-101-r2_H1_I_EE1;Corse_H1
1176;3;4;638;F89-13-101-r2_H1_I_EE1;Corse_H1
1177;6;6;640;F89-13-101-r2_H1_I_EE1;Corse_H1
1178;5;6;642;F89-13-101-r2_H1_I_EE1;Corse_H1
1179;3;4;644;L1110b_Na326_H5_I_EE3;Narbonne_H5
1180;1;3;644;L1110b_Na326_H5_I_EE3;Narbonne_H5
1181;2;4;646;L1110b_Na326_H5_I_EE3;Narbonne_H5
1182;3;4;646;L1110b_Na326_H5_I_EE3;Narbonne_H5
1183;3;4;648;L1130_Na1028_H1_I_F5;Narbonne_H1
1184;0;4;648;L1130_Na1028_H1_I_F5;Narbonne_H1
1185;4;4;650;L1130_Na1028_H1_I_F5;Narbonne_H1
1186;4;4;650;L1130_Na1028_H1_I_F5;Narbonne_H1
1187;4;4;652;L1130_Na1028_H1_I_F5;Narbonne_H1
1188;3;3;652;L1130_Na1028_H1_I_F5;Narbonne_H1
1189;4;5;654;L1130_Na1028_H1_I_F5;Narbonne_H1
1190;4;4;656;F89-13-156-p2_H5_J_A1;Corse_H5
1191;3;3;656;F89-13-156-p2_H5_J_A1;Corse_H5
1192;4;4;658;F89-13-156-p2_H5_J_A1;Corse_H5
1193;3;3;658;F89-13-156-p2_H5_J_A1;Corse_H5
1194;3;5;660;F89-13-156-p2_H5_J_A1;Corse_H5
1195;4;4;662;F89-13-156-p2_H5_J_A1;Corse_H5
1196;4;4;662;F89-13-156-p2_H5_J_A1;Corse_H5
1197;5;6;664;F89-13-156-p2_H5_J_A1;Corse_H5
1198;2;4;666;F89-13-156-p2_H5_J_A1;Corse_H5
1199;3;4;666;F89-13-156-p2_H5_J_A1;Corse_H5
1200;4;4;668;F89-13-156-p2_H5_J_A1;Corse_H5
1201;3;4;668;F89-13-156-p2_H5_J_A1;Corse_H5
1202;6;6;670;F89-13-156-p2_H5_J_A1;Corse_H5
1203;3;4;672;F89-13-156-p2_H5_J_A1;Corse_H5
1204;2;4;672;F89-13-156-p2_H5_J_A1;Corse_H5
1205;4;4;674;F89-13-156-p2_H5_J_A1;Corse_H5
1206;3;3;674;F89-13-156-p2_H5_J_A1;Corse_H5
1207;4;4;676;F89-13-156-p2_H5_J_A1;Corse_H5
1208;3;4;676;F89-13-156-p2_H5_J_A1;Corse_H5
1209;4;4;678;F89-13-156-p2_H5_J_A1;Corse_H5
1210;5;5;680;F89-13-42-b2_H4_2013_J_A5;Corse_H4
1211;2;2;682;F89-13-42-b2_H4_2013_J_A5;Corse_H4
1212;3;4;684;F89-13-42-b2_H4_2013_J_A5;Corse_H4
1213;5;6;686;F89-13-42-b2_H4_2013_J_A5;Corse_H4
1214;4;4;688;F89-13-42-b2_H4_2013_J_A5;Corse_H4
1215;3;3;688;F89-13-42-b2_H4_2013_J_A5;Corse_H4
1216;6;6;690;F89-13-46-b2_H4_2013_J_A6;Corse_H4
1217;3;3;692;F89-13-46-b2_H4_2013_J_A6;Corse_H4
1218;4;4;698;L1130_Na1028_H1_J_B4;Narbonne_H1
1219;4;4;698;L1130_Na1028_H1_J_B4;Narbonne_H1
1220;6;6;700;L1130_Na1028_H1_J_B4;Narbonne_H1
1221;4;4;702;L1130_Na1028_H1_J_B4;Narbonne_H1
1222;3;3;702;L1130_Na1028_H1_J_B4;Narbonne_H1
1223;3;4;704;L1130_Na1028_H1_J_B4;Narbonne_H1
1224;4;4;704;L1130_Na1028_H1_J_B4;Narbonne_H1
1225;5;5;706;L1130_Na1028_H1_J_B4;Narbonne_H1
1226;3;3;708;L1130_Na1028_H1_J_B4;Narbonne_H1
1227;5;6;710;L1086_Na121_H4_J_CC5;Narbonne_H4
1228;5;5;712;L1086_Na121_H4_J_CC5;Narbonne_H4
1229;1;4;712;L1086_Na121_H4_J_CC5;Narbonne_H4
1230;4;4;714;L1086_Na121_H4_J_CC5;Narbonne_H4
1231;2;3;714;L1086_Na121_H4_J_CC5;Narbonne_H4
1232;4;4;716;L1086_Na121_H4_J_CC5;Narbonne_H4
1233;3;3;716;L1086_Na121_H4_J_CC5;Narbonne_H4
1234;1;4;718;L1086_Na121_H4_J_CC5;Narbonne_H4
1235;0;3;718;L1086_Na121_H4_J_CC5;Narbonne_H4
1236;5;6;720;L1086_Na121_H4_J_CC5;Narbonne_H4
1237;1;4;724;F89-13-156-p2_H5_J_D1;Corse_H5
1238;0;3;724;F89-13-156-p2_H5_J_D1;Corse_H5
1239;3;5;726;F89-13-156-p2_H5_J_D1;Corse_H5
1240;2;6;728;F89-13-155-p2_H1_J_E6;Corse_H1
1241;5;6;730;F89-13-155-p2_H1_J_E6;Corse_H1
1242;3;3;732;F89-13-155-p2_H1_J_E6;Corse_H1
1243;0;5;734;F89-13-156-p2_H5_J_F2;Corse_H5
1244;2;5;736;F89-13-156-p2_H5_J_F2;Corse_H5
1245;0;3;738;ESP-163-2009-10_H2_N_A0;Espagne_H2
1246;4;4;740;ESP-163-2009-10_H2_N_A1;Espagne_H2
1247;4;4;740;ESP-163-2009-10_H2_N_A1;Espagne_H2
1248;5;6;742;ESP-163-2009-10_H2_N_A1;Espagne_H2
1249;4;4;744;ESP-163-2009-10_H2_N_A1;Espagne_H2
1250;4;4;744;ESP-163-2009-10_H2_N_A1;Espagne_H2
1251;5;5;746;ESP-163-2009-10_H2_N_A1;Espagne_H2
1252;3;4;748;ESP-163-2009-10_H2_N_A1;Espagne_H2
1253;4;4;748;ESP-163-2009-10_H2_N_A1;Espagne_H2
1254;4;4;750;ESP-163-2009-10_H2_N_A1;Espagne_H2
1255;4;4;750;ESP-163-2009-10_H2_N_A1;Espagne_H2
1256;6;6;752;ESP-163-2009-10_H2_N_A1;Espagne_H2
1257;5;5;754;ESP-163-2009-10_H2_N_A1;Espagne_H2
1258;3;4;756;ESP-163-2009-10_H2_N_A1;Espagne_H2
1259;2;2;758;ESP-163-2009-10_H2_N_A1;Espagne_H2
1260;4;4;760;ESP-163-2009-10_H2_N_A1;Espagne_H2
1261;4;5;762;ESP-163-2009-10_H2_N_A1;Espagne_H2
1262;4;4;764;ESP-163-2009-10_H2_N_A1;Espagne_H2
1263;3;3;764;ESP-163-2009-10_H2_N_A1;Espagne_H2
1264;2;3;766;ESP-163-2009-10_H2_N_A1;Espagne_H2
1265;3;4;768;ESP-163-2009-10_H2_N_A1;Espagne_H2
1266;3;4;768;ESP-163-2009-10_H2_N_A1;Espagne_H2
1267;1;4;770;ESP-163-2009-10_H2_N_A1;Espagne_H2
1268;0;4;770;ESP-163-2009-10_H2_N_A1;Espagne_H2
1269;6;6;772;ESP-163-2009-10_H2_N_A1;Espagne_H2
1270;4;6;774;Inconnu?_N_A34;NA
1271;3;4;776;Inconnu?_N_A34;NA
1272;1;4;778;Inconnu?_N_A34;NA
1273;1;3;778;Inconnu?_N_A34;NA
1274;4;5;780;Inconnu?_N_A34;NA
1275;0;2;784;Inconnu?_N_A5;NA
1276;5;5;786;Inconnu?_N_A6;NA
1277;1;2;788;Inconnu?_N_A6;NA
1278;4;4;790;L1110b_Na326_H5_N_AA5;Narbonne_H5
1279;2;3;790;L1110b_Na326_H5_N_AA5;Narbonne_H5
1280;2;3;792;L1110b_Na326_H5_N_AA5;Narbonne_H5
1281;0;3;794;L1110b_Na326_H5_N_AA5;Narbonne_H5
1282;3;4;796;F89-13-156-p2_H5_N_B6;Corse_H5
1283;3;3;796;F89-13-156-p2_H5_N_B6;Corse_H5
1284;4;4;798;F89-13-101-r2_H1_N_C1;Corse_H1
1285;0;4;800;L1130_Na1028_H1_N_C4;Narbonne_H1
1286;0;3;800;L1130_Na1028_H1_N_C4;Narbonne_H1
1287;2;4;802;L1130_Na1028_H1_N_C4;Narbonne_H1
1288;0;3;802;L1130_Na1028_H1_N_C4;Narbonne_H1
1289;5;6;804;L1130_Na1028_H1_N_C4;Narbonne_H1
1290;1;4;806;L1130_Na1028_H1_N_C4;Narbonne_H1
1291;1;4;806;L1130_Na1028_H1_N_C4;Narbonne_H1
1292;3;4;808;L1130_Na1028_H1_N_C4;Narbonne_H1
1293;2;4;808;L1130_Na1028_H1_N_C4;Narbonne_H1
1294;0;4;810;L1130_Na1028_H1_N_C4;Narbonne_H1
1295;0;3;810;L1130_Na1028_H1_N_C4;Narbonne_H1
1296;1;4;812;L1130_Na1028_H1_N_C4;Narbonne_H1
1297;1;3;812;L1130_Na1028_H1_N_C4;Narbonne_H1
1298;1;4;814;L1130_Na1028_H1_N_C4;Narbonne_H1
1299;3;3;814;L1130_Na1028_H1_N_C4;Narbonne_H1
1300;0;6;816;L1130_Na1028_H1_N_C4;Narbonne_H1
1301;0;6;818;L1130_Na1028_H1_N_C4;Narbonne_H1
1302;2;6;820;L1130_Na1028_H1_N_C4;Narbonne_H1
1303;0;4;822;L1130_Na1028_H1_N_C4;Narbonne_H1
1304;0;3;822;L1130_Na1028_H1_N_C4;Narbonne_H1
1305;4;4;824;L1130_Na1028_H1_N_C4;Narbonne_H1
1306;3;3;824;L1130_Na1028_H1_N_C4;Narbonne_H1
1307;4;4;826;L1130_Na1028_H1_N_C4;Narbonne_H1
1308;3;3;826;L1130_Na1028_H1_N_C4;Narbonne_H1
1309;5;5;828;L1130_Na1028_H1_N_C4;Narbonne_H1
1310;5;5;830;L1130_Na1028_H1_N_C4;Narbonne_H1
1311;2;6;832;L1130_Na1028_H1_N_C4;Narbonne_H1
1312;3;3;834;L1130_Na1028_H1_N_C4;Narbonne_H1
1313;2;3;836;L1130_Na1028_H1_N_C4;Narbonne_H1
1314;3;3;838;L1130_Na1028_H1_N_C4;Narbonne_H1
1315;0;2;840;F89-13-155-p2_H1_N_C6;Corse_H1
1316;4;4;842;F89-13-155-p2_H1_N_C6;Corse_H1
1317;5;5;844;F89-13-155-p2_H1_N_C6;Corse_H1
1318;2;4;846;F89-13-155-p2_H1_N_C6;Corse_H1
1319;5;5;848;F89-13-155-p2_H1_N_C6;Corse_H1
1320;1;3;850;F89-13-155-p2_H1_N_C6;Corse_H1
1321;4;5;852;L1110b_Na326_H5_N_CC1;Narbonne_H5
1322;5;5;854;L1110b_Na326_H5_N_CC1;Narbonne_H5
1323;4;5;856;L1110b_Na326_H5_N_CC1;Narbonne_H5
1324;3;3;858;L1110b_Na326_H5_N_CC1;Narbonne_H5
1325;4;5;860;L1125_Na657_H8_N_D1;Narbonne_H8
1326;2;5;862;L1096b_Na156_H4_N_D6;Narbonne_H4
1327;2;4;864;F89-13-46-b2_H4_2013_N_E1;Corse_H4
1328;3;3;864;F89-13-46-b2_H4_2013_N_E1;Corse_H4
1329;3;4;866;F89-13-46-b2_H4_2013_N_E1;Corse_H4
1330;4;4;866;F89-13-46-b2_H4_2013_N_E1;Corse_H4
1331;4;4;868;F89-13-46-b2_H4_2013_N_E1;Corse_H4
1332;4;4;868;F89-13-46-b2_H4_2013_N_E1;Corse_H4
1333;4;4;870;F89-13-46-b2_H4_2013_N_E1;Corse_H4
1334;3;3;870;F89-13-46-b2_H4_2013_N_E1;Corse_H4
1335;4;5;872;F89-13-46-b2_H4_2013_N_E1;Corse_H4
1336;4;4;874;F89-13-46-b2_H4_2013_N_E1;Corse_H4
1337;2;3;874;F89-13-46-b2_H4_2013_N_E1;Corse_H4
1338;5;6;876;F89-13-46-b2_H4_2013_N_E1;Corse_H4
1339;0;3;878;F89-13-46-b2_H4_2013_N_E1;Corse_H4
1340;3;4;880;F89-13-46-b2_H4_2013_N_E1;Corse_H4
1341;3;3;880;F89-13-46-b2_H4_2013_N_E1;Corse_H4
1342;3;4;882;F89-13-46-b2_H4_2013_N_E1;Corse_H4
1343;3;3;882;F89-13-46-b2_H4_2013_N_E1;Corse_H4
1344;3;4;884;F89-13-46-b2_H4_2013_N_E1;Corse_H4
1345;1;3;884;F89-13-46-b2_H4_2013_N_E1;Corse_H4
1346;2;4;886;F89-13-46-b2_H4_2013_N_E1;Corse_H4
1347;3;3;886;F89-13-46-b2_H4_2013_N_E1;Corse_H4
1348;2;4;888;F89-13-46-b2_H4_2013_N_E1;Corse_H4
1349;4;5;890;F89-13-46-b2_H4_2013_N_E1;Corse_H4
1350;5;6;892;F89-13-46-b2_H4_2013_N_E1;Corse_H4
1351;2;2;894;F89-13-46-b2_H4_2013_N_E1;Corse_H4
1352;4;4;896;L1086_Na121_H4_N_E3;Narbonne_H4
1353;4;4;896;L1086_Na121_H4_N_E3;Narbonne_H4
1354;2;4;898;L1086_Na121_H4_N_E3;Narbonne_H4
1355;3;4;898;L1086_Na121_H4_N_E3;Narbonne_H4
1356;2;4;900;L1086_Na121_H4_N_E3;Narbonne_H4
1357;1;4;900;L1086_Na121_H4_N_E3;Narbonne_H4
1358;3;4;902;L1086_Na121_H4_N_E3;Narbonne_H4
1359;1;3;902;L1086_Na121_H4_N_E3;Narbonne_H4
1360;1;4;904;L1086_Na121_H4_N_E3;Narbonne_H4
1361;2;3;904;L1086_Na121_H4_N_E3;Narbonne_H4
1362;3;5;906;L1086_Na121_H4_N_E3;Narbonne_H4
1363;1;3;908;L1086_Na121_H4_N_E3;Narbonne_H4
1364;4;5;910;L1086_Na121_H4_N_E3;Narbonne_H4
1365;3;6;912;L1086_Na121_H4_N_E3;Narbonne_H4
1366;4;4;603;L1130_Na1028_H1_I_CC5bis;Narbonne_H1
